"COUNTY","2020-01-22","2020-01-23","2020-01-24","2020-01-25","2020-01-26","2020-01-27","2020-01-28","2020-01-29","2020-01-30","2020-01-31","2020-02-01","2020-02-02","2020-02-03","2020-02-04","2020-02-05","2020-02-06","2020-02-07","2020-02-08","2020-02-09","2020-02-10","2020-02-11","2020-02-12","2020-02-13","2020-02-14","2020-02-15","2020-02-16","2020-02-17","2020-02-18","2020-02-19","2020-02-20","2020-02-21","2020-02-22","2020-02-23","2020-02-24","2020-02-25","2020-02-26","2020-02-27","2020-02-28","2020-02-29","2020-03-01","2020-03-02","2020-03-03","2020-03-04","2020-03-05","2020-03-06","2020-03-07","2020-03-08","2020-03-09","2020-03-10","2020-03-11","2020-03-12","2020-03-13","2020-03-14","2020-03-15","2020-03-16","2020-03-17","2020-03-18","2020-03-19","2020-03-20","2020-03-21","2020-03-22","2020-03-23","2020-03-24","2020-03-25","2020-03-26","2020-03-27","2020-03-28","2020-03-29","2020-03-30","2020-03-31","2020-04-01","2020-04-02","2020-04-03","2020-04-04","2020-04-05","2020-04-06","2020-04-07","2020-04-08","2020-04-09","2020-04-10","2020-04-11","2020-04-12","2020-04-13","2020-04-14","2020-04-15","2020-04-16","2020-04-17","2020-04-18","2020-04-19","2020-04-20","2020-04-21","2020-04-22","2020-04-23","2020-04-24","2020-04-25","2020-04-26","2020-04-27","2020-04-28","2020-04-29","2020-04-30","2020-05-01","2020-05-02","2020-05-03","2020-05-04","2020-05-05","2020-05-06","2020-05-07","2020-05-08","2020-05-09","2020-05-10","2020-05-11","2020-05-12","2020-05-13","2020-05-14","2020-05-15","2020-05-16","2020-05-17","2020-05-18","2020-05-19","2020-05-20","2020-05-21","2020-05-22","2020-05-23","2020-05-24","2020-05-25","2020-05-26","2020-05-27","2020-05-28","2020-05-29","2020-05-30","2020-05-31","2020-06-01","2020-06-02","2020-06-03","2020-06-04","2020-06-05","2020-06-06","2020-06-07","2020-06-08","2020-06-09","2020-06-10","2020-06-11","2020-06-12","2020-06-13","2020-06-14","2020-06-15","2020-06-16","2020-06-17","2020-06-18","2020-06-19","2020-06-20","2020-06-21","2020-06-22","2020-06-23","2020-06-24","2020-06-25","2020-06-26","2020-06-27","2020-06-28","2020-06-29","2020-06-30","2020-07-01","2020-07-02","2020-07-03","2020-07-04","2020-07-05","2020-07-06","2020-07-07","2020-07-08","2020-07-09","2020-07-10","2020-07-11","2020-07-12","2020-07-13","2020-07-14","2020-07-15","2020-07-16","2020-07-17","2020-07-18","2020-07-19","2020-07-20","2020-07-21","2020-07-22","2020-07-23","2020-07-24","2020-07-25","2020-07-26","2020-07-27","2020-07-28","2020-07-29","2020-07-30","2020-07-31","2020-08-01","2020-08-02","2020-08-03","2020-08-04","2020-08-05","2020-08-06","2020-08-07","2020-08-08","2020-08-09","2020-08-10","2020-08-11","2020-08-12","2020-08-13","2020-08-14","2020-08-15","2020-08-16","2020-08-17","2020-08-18","2020-08-19","2020-08-20","2020-08-21","2020-08-22","2020-08-23","2020-08-24","2020-08-25","2020-08-26","2020-08-27","2020-08-28","2020-08-29","2020-08-30","2020-08-31","2020-09-01","2020-09-02","2020-09-03","2020-09-04","2020-09-05","2020-09-06","2020-09-07","2020-09-08","2020-09-09","2020-09-10","2020-09-11","2020-09-12","2020-09-13","2020-09-14","2020-09-15","2020-09-16","2020-09-17","2020-09-18","2020-09-19","2020-09-20","2020-09-21","2020-09-22","2020-09-23","2020-09-24","2020-09-25","2020-09-26","2020-09-27","2020-09-28","2020-09-29","2020-09-30","2020-10-01","2020-10-02","2020-10-03","2020-10-04","2020-10-05","2020-10-06","2020-10-07","2020-10-08","2020-10-09","2020-10-10","2020-10-11","2020-10-12","2020-10-13","2020-10-14","2020-10-15","2020-10-16","2020-10-17","2020-10-18","2020-10-19","2020-10-20","2020-10-21","2020-10-22","2020-10-23","2020-10-24","2020-10-25","2020-10-26","2020-10-27","2020-10-28","2020-10-29","2020-10-30","2020-10-31","2020-11-01","2020-11-02","2020-11-03","2020-11-04","2020-11-05","2020-11-06","2020-11-07","2020-11-08","2020-11-09","2020-11-10","2020-11-11","2020-11-12","2020-11-13","2020-11-14","2020-11-15","2020-11-16","2020-11-17","2020-11-18","2020-11-19","2020-11-20","2020-11-21","2020-11-22","2020-11-23","2020-11-24","2020-11-25","2020-11-26","2020-11-27","2020-11-28","2020-11-29","2020-11-30","2020-12-01","2020-12-02","2020-12-03","2020-12-04","2020-12-05","2020-12-06","2020-12-07","2020-12-08","2020-12-09","2020-12-10","2020-12-11","2020-12-12","2020-12-13","2020-12-14","2020-12-15","2020-12-16","2020-12-17","2020-12-18","2020-12-19","2020-12-20","2020-12-21","2020-12-22","2020-12-23","2020-12-24","2020-12-25","2020-12-26","2020-12-27","2020-12-28","2020-12-29","2020-12-30","2020-12-31","2021-01-01","2021-01-02","2021-01-03","2021-01-04","2021-01-05","2021-01-06","2021-01-07","2021-01-08","2021-01-09","2021-01-10","2021-01-11","2021-01-12","2021-01-13","2021-01-14","2021-01-15","2021-01-16","2021-01-17","2021-01-18","2021-01-19","2021-01-20","2021-01-21","2021-01-22","2021-01-23","2021-01-24","2021-01-25","2021-01-26","2021-01-27","2021-01-28","2021-01-29","2021-01-30","2021-01-31","2021-02-01","2021-02-02","2021-02-03","2021-02-04","2021-02-05","2021-02-06","2021-02-07","2021-02-08","2021-02-09","2021-02-10","2021-02-11","2021-02-12","2021-02-13","2021-02-14","2021-02-15","2021-02-16","2021-02-17","2021-02-18","2021-02-19","2021-02-20","2021-02-21","2021-02-22"
"ADAMS",0,0,0,0,0,0,0,0,0,0,0,0,0,0,0,0,0,0,0,0,0,0,0,0,0,0,0,0,0,0,0,0,0,0,0,0,0,0,0,0,0,0,0,0,0,0,0,0,0,0,0,0,0,0,0,0,0,0,0,0,0,0,0,0,0,0,0,0,0,0,0,0,0,0,0,0,0,0,0,0,0,0,0,0,0,0,0,0,0,0,0,0,0,0,0,0,0,0,0,0,0,0,0,0,0,0,0,0,0,0,0,0,0,0,0,0,1,1,1,1,1,1,1,1,1,1,1,1,1,1,1,1,1,1,1,1,1,1,1,1,1,1,1,1,1,1,1,1,1,1,1,1,1,1,1,1,1,1,1,1,1,1,1,1,1,1,1,1,1,1,1,2,2,2,2,2,2,2,2,2,2,2,2,2,2,2,2,2,2,2,2,2,2,2,2,2,2,2,2,2,2,2,2,2,2,3,3,3,3,3,3,3,3,3,3,4,4,4,4,4,4,4,4,4,4,4,4,4,4,4,4,4,4,4,4,4,4,4,4,4,4,4,4,4,4,4,4,4,4,4,4,4,4,4,4,4,4,4,4,5,5,5,5,5,6,6,6,6,6,6,6,6,6,6,6,6,6,6,6,6,6,6,6,6,6,6,6,6,6,6,7,7,7,7,7,7,7,8,9,9,10,10,11,14,15,15,15,15,16,16,17,18,19,19,19,20,20,21,21,21,21,21,21,21,21,22,22,22,22,22,22,22,22,22,22,22,22,23,23,23,23,24,24,24,25,25,27,27,27,29,30,30,30,30,30,30,30,30,30,30,30,30,30,30,30,30,30,30,30,30,30,30,30,30,30,30,30,30,30,30,31,31,31,31,31,31,31,31,31,32,32,32,32,29,30,32,32,32
"ALLEN",0,0,0,0,0,0,0,0,0,0,0,0,0,0,0,0,0,0,0,0,0,0,0,0,0,0,0,0,0,0,0,0,0,0,0,0,0,0,0,0,0,0,0,0,0,0,0,0,0,0,0,0,0,0,0,0,0,0,0,0,0,0,0,0,0,0,0,0,0,0,0,0,0,0,1,1,1,1,2,3,4,5,5,6,7,9,12,12,13,13,13,13,16,18,19,20,21,24,25,25,27,27,29,30,30,30,30,30,30,30,30,30,30,30,30,30,30,30,30,30,30,31,31,32,32,32,32,32,32,33,33,33,33,33,33,34,34,34,34,34,34,35,36,36,36,37,37,37,38,38,38,39,39,39,39,39,39,40,40,40,40,40,40,40,40,41,41,41,41,41,41,41,41,41,41,41,41,41,41,41,41,41,41,41,41,41,41,41,42,42,42,42,42,42,42,42,43,43,44,44,45,47,47,48,49,51,51,51,51,54,54,54,54,54,55,56,56,58,59,59,59,60,60,61,63,64,64,64,64,64,64,64,64,64,64,66,66,67,67,68,68,68,68,69,69,69,69,72,72,73,74,74,74,74,74,74,74,74,74,74,74,74,75,75,76,76,76,77,77,78,80,80,80,81,81,83,85,86,88,88,88,88,89,89,90,90,91,92,93,93,93,93,96,96,98,99,99,99,99,100,101,105,112,113,116,118,121,123,127,128,131,131,135,139,140,143,146,148,148,149,155,159,159,160,161,163,164,166,168,171,174,175,176,176,177,181,183,187,189,191,193,193,194,198,200,203,204,205,206,210,210,210,210,212,213,215,215,217,217,217,217,217,217,217,217,217,218,218,218,220,221,223,223,225,225,225,225,225,225,226,226,226,226,228,230,230,230,230,230,230,230,230,230,228,229,230,231,231
"ASHLAND",0,0,0,0,0,0,0,0,0,0,0,0,0,0,0,0,0,0,0,0,0,0,0,0,0,0,0,0,0,0,0,0,0,0,0,0,0,0,0,0,0,0,0,0,0,0,0,0,0,0,0,0,0,0,0,0,0,0,0,0,0,0,0,0,0,0,0,0,0,0,0,0,0,0,0,0,0,0,0,0,0,0,0,0,0,0,0,0,0,0,0,0,0,0,0,0,0,0,0,0,0,0,0,0,0,0,0,0,0,0,0,0,0,0,0,0,0,0,0,0,0,0,0,0,0,0,0,0,0,0,0,0,0,0,0,0,0,0,0,0,0,0,0,0,0,0,0,0,0,0,0,0,0,0,0,1,1,1,1,1,1,1,2,2,2,2,2,2,2,2,3,3,3,4,4,4,4,4,4,4,4,4,4,4,4,4,4,4,4,4,4,4,4,4,4,5,5,5,5,5,5,5,5,5,5,5,5,5,5,5,5,5,5,5,5,5,5,5,5,5,5,5,5,5,5,5,5,5,5,5,5,5,5,5,5,5,5,5,5,5,5,5,5,5,5,5,5,5,5,6,6,6,6,6,6,6,6,7,7,7,7,7,10,10,11,12,12,13,13,15,16,16,18,20,20,20,20,20,20,20,21,21,22,22,22,22,22,22,22,22,22,22,23,23,23,23,23,23,25,25,26,28,28,29,32,36,38,40,42,46,48,50,52,53,55,56,59,59,60,62,63,65,65,65,68,68,70,70,72,74,76,77,77,78,80,81,83,84,84,84,86,89,90,90,91,91,91,91,91,91,91,91,91,91,91,91,91,91,91,91,91,91,91,91,91,91,91,91,91,91,91,91,91,91,91,91,91,91,91,91,91,91,91,91,91,91,91,92,92,92,92,92,92,91,92,92,92,93
"ASHTABULA",0,0,0,0,0,0,0,0,0,0,0,0,0,0,0,0,0,0,0,0,0,0,0,0,0,0,0,0,0,0,0,0,0,0,0,0,0,0,0,0,0,0,0,0,0,0,0,0,0,0,0,0,0,0,0,0,0,0,0,0,0,0,0,0,0,0,0,0,0,0,0,0,0,0,0,0,0,2,2,2,2,2,3,3,3,3,4,4,5,5,5,6,8,10,12,13,13,15,15,16,16,18,20,22,23,24,24,24,26,26,27,28,28,28,28,28,28,28,29,30,33,35,35,35,35,36,36,36,36,37,37,37,38,38,38,38,38,38,38,38,38,39,40,40,41,41,42,42,42,42,42,42,42,44,44,44,44,44,44,44,44,44,44,44,44,44,44,44,44,44,44,44,44,44,44,44,44,44,44,44,44,44,44,44,44,44,44,44,44,44,45,45,45,45,45,45,46,46,46,46,46,46,46,46,46,46,46,46,46,46,46,46,46,46,46,46,46,46,46,46,46,46,46,46,46,47,47,47,47,47,47,47,48,48,48,48,48,48,48,48,48,48,48,48,48,48,48,48,48,48,48,48,48,48,48,48,48,48,48,48,48,48,48,48,48,48,48,48,48,48,48,48,48,48,48,48,48,48,48,48,48,48,48,48,48,48,48,48,49,49,49,49,49,50,51,51,52,53,53,53,54,54,54,56,56,56,59,60,61,62,62,65,71,71,72,76,76,77,79,83,84,86,87,90,92,95,97,99,99,100,104,109,112,115,115,118,118,119,122,125,125,127,128,128,130,132,133,133,134,134,134,134,134,134,134,134,134,134,134,135,135,135,135,136,136,136,136,136,136,136,136,136,136,136,137,138,138,138,138,138,138,138,138,138,138,138,138,138,138,138,138,138,138,137,137,138,140,140
"ATHENS",0,0,0,0,0,0,0,0,0,0,0,0,0,0,0,0,0,0,0,0,0,0,0,0,0,0,0,0,0,0,0,0,0,0,0,0,0,0,0,0,0,0,0,0,0,0,0,0,0,0,0,0,0,0,0,0,0,0,0,0,0,0,0,0,0,0,0,0,1,1,1,1,1,1,1,1,1,1,1,1,1,1,1,1,1,1,1,1,1,1,1,1,1,1,1,1,1,1,1,1,1,1,1,1,1,1,1,1,1,1,1,1,1,1,1,1,1,1,1,1,1,1,1,1,1,1,1,1,1,1,1,1,1,1,1,1,1,1,1,1,1,1,1,1,1,1,1,1,1,1,1,1,1,1,1,1,1,1,1,1,1,1,1,1,1,1,1,1,1,1,1,1,1,1,1,1,1,1,1,1,1,1,1,1,1,1,1,1,1,1,1,1,1,1,1,1,1,1,1,1,1,2,2,2,2,2,2,2,2,2,2,2,2,2,2,2,2,2,2,2,2,2,2,2,2,2,2,2,2,2,2,2,2,2,2,2,2,2,2,2,2,2,2,2,2,2,2,2,2,2,2,2,2,2,2,2,2,2,2,2,2,2,2,2,2,2,2,2,2,2,2,2,2,2,2,2,2,2,2,2,2,2,3,3,4,4,5,5,5,5,5,5,5,5,5,5,5,5,5,5,5,5,6,7,7,8,8,9,9,9,9,9,9,9,9,9,9,9,9,9,9,9,9,10,11,12,12,14,14,14,14,15,15,15,15,15,15,16,16,16,16,17,17,17,17,17,18,18,19,19,19,20,20,20,22,22,23,24,24,24,25,25,25,25,25,26,26,27,28,28,28,28,28,28,28,28,29,29,29,30,30,30,30,30,30,30,30,30,30,30,30,30,30,30,30,30,30,30
"AUGLAIZE",0,0,0,0,0,0,0,0,0,0,0,0,0,0,0,0,0,0,0,0,0,0,0,0,0,0,0,0,0,0,0,0,0,0,0,0,0,0,0,0,0,0,0,0,0,0,0,0,0,0,0,0,0,0,0,0,0,0,0,0,0,0,0,0,0,0,0,0,0,0,0,0,0,0,0,0,0,1,1,1,1,1,1,1,1,1,2,2,2,2,2,2,2,2,2,2,2,2,2,2,2,2,2,2,2,2,2,2,2,2,2,2,2,2,2,2,2,2,2,2,2,2,2,2,2,2,2,2,2,2,2,2,2,2,2,2,2,2,2,2,2,2,2,2,2,2,2,2,2,2,2,2,2,2,2,2,2,2,3,3,3,3,3,3,3,3,3,3,3,3,3,4,4,4,4,4,4,4,4,4,4,4,4,4,4,4,4,4,4,5,5,5,5,5,5,5,5,5,5,5,5,6,6,7,7,7,7,7,7,7,7,7,7,7,7,7,7,8,9,9,9,9,9,9,10,10,10,10,11,11,11,11,11,11,11,11,12,12,12,12,12,13,13,13,13,14,14,15,16,16,16,16,16,16,16,16,16,16,16,16,18,18,18,18,19,19,19,19,20,20,20,20,20,20,21,21,22,26,26,26,26,27,27,27,27,28,30,32,32,33,33,34,35,36,36,38,38,41,45,47,49,50,50,52,58,60,60,61,61,61,61,61,62,63,63,65,66,67,67,69,69,69,70,72,72,74,74,75,76,76,77,80,80,81,81,82,82,82,83,83,84,84,84,84,84,86,87,87,87,87,87,87,88,88,88,88,89,90,90,90,90,91,92,92,93,94,94,94,94,94,95,95,95,95,95,95,95,95,95,95,95,95,95,95,95,95,95,95,95,95,95,95,95,95,95,95,95,95
"BELMONT",0,0,0,0,0,0,0,0,0,0,0,0,0,0,0,0,0,0,0,0,0,0,0,0,0,0,0,0,0,0,0,0,0,0,0,0,0,0,0,0,0,0,0,0,0,0,0,0,0,0,0,0,0,0,0,0,0,0,0,0,0,0,0,0,0,0,0,0,0,0,0,0,0,0,1,1,1,1,1,3,3,3,3,3,3,3,4,5,6,7,7,7,7,7,7,7,7,7,7,7,7,7,7,7,7,7,7,7,7,7,7,8,9,9,10,10,11,11,12,13,13,13,14,15,15,15,15,16,16,16,20,20,21,22,22,22,22,22,22,23,23,23,23,23,23,24,24,24,24,24,24,24,24,24,24,24,24,24,24,24,24,24,24,24,24,24,24,24,24,24,25,25,25,25,25,26,26,26,26,26,26,26,26,26,26,26,26,26,26,26,26,26,26,26,26,26,26,26,26,26,26,26,26,26,26,26,26,26,26,27,27,27,27,27,27,27,27,27,27,27,27,27,27,27,27,27,27,27,27,27,27,27,27,27,27,27,27,27,27,27,27,27,27,27,27,27,27,27,27,27,27,27,27,27,27,27,27,27,27,27,27,27,27,27,27,27,27,27,27,27,27,27,27,27,27,27,27,27,28,28,28,28,28,28,28,28,28,28,28,28,31,31,32,32,32,33,33,33,33,33,33,33,34,34,34,34,34,34,36,36,38,38,39,39,39,39,41,42,43,43,44,46,48,49,49,49,49,50,51,52,55,55,55,55,56,57,59,60,61,62,65,69,69,72,72,73,73,73,73,74,75,75,76,76,77,77,78,78,79,80,81,81,81,81,81,81,82,83,84,84,84,84,84,84,84,85,85,85,85,85,85,85,85,85,85,85,85,85,85,85,85,85,85,84,84,85,85,86
"BROWN",0,0,0,0,0,0,0,0,0,0,0,0,0,0,0,0,0,0,0,0,0,0,0,0,0,0,0,0,0,0,0,0,0,0,0,0,0,0,0,0,0,0,0,0,0,0,0,0,0,0,0,0,0,0,0,0,0,0,0,0,0,0,0,0,0,0,0,0,0,1,1,1,1,1,1,1,1,1,1,1,1,1,1,1,1,1,1,1,1,1,1,1,1,1,1,1,1,1,1,1,1,1,1,1,1,1,1,1,1,1,1,1,1,1,1,1,1,1,1,1,1,1,1,1,1,1,1,1,2,2,2,2,2,2,2,2,2,2,2,2,2,2,2,2,2,2,2,2,2,2,2,2,2,2,2,2,2,2,2,2,2,2,2,2,2,2,2,2,2,2,2,2,2,2,2,2,2,2,2,2,2,2,2,2,2,2,2,2,2,2,2,2,2,2,2,2,2,2,2,2,2,2,2,2,2,2,2,2,2,2,2,2,2,2,2,2,2,2,2,2,2,2,2,2,2,2,2,2,2,2,2,2,2,3,3,3,3,3,3,3,3,3,3,3,3,3,3,3,3,3,3,3,3,3,3,3,4,5,5,5,5,5,6,6,6,6,6,6,6,6,6,7,7,7,7,7,7,7,7,7,7,7,7,8,8,8,8,8,8,8,8,8,8,8,8,8,9,9,9,9,10,10,10,10,10,10,10,10,10,10,11,12,12,12,13,13,15,15,16,16,17,17,17,17,19,21,21,21,21,22,23,24,24,25,25,27,27,27,28,28,28,28,29,29,30,32,32,34,34,35,37,37,37,37,38,38,38,39,39,39,39,39,39,39,39,39,39,39,39,39,39,39,39,39,40,40,40,40,40,40,40,41,41,41,41,41,41,41,41,41,41,41,41,41,41,41,41,42
"BUTLER",0,0,0,0,0,0,0,0,0,0,0,0,0,0,0,0,0,0,0,0,0,0,0,0,0,0,0,0,0,0,0,0,0,0,0,0,0,0,0,0,0,0,0,0,0,0,0,0,0,0,0,0,0,0,0,0,0,0,0,0,0,0,0,0,0,0,0,0,0,0,1,1,2,2,2,2,2,2,2,2,3,3,3,3,3,4,4,4,4,4,5,5,5,6,6,6,8,8,8,8,8,8,8,9,13,14,14,15,17,17,17,17,18,19,21,21,22,23,26,26,29,30,30,31,32,32,34,34,35,36,36,36,37,37,37,37,37,37,37,37,37,38,39,39,39,39,39,39,39,39,39,39,41,42,45,45,46,47,47,48,48,51,53,54,54,54,54,54,54,55,55,55,55,55,55,55,56,56,57,58,58,60,61,62,62,62,63,63,63,66,66,67,67,68,68,68,68,68,68,69,69,70,70,71,72,72,72,73,73,74,75,77,78,79,80,82,83,84,85,88,88,89,92,93,94,94,96,98,99,100,100,102,105,106,107,107,107,107,107,109,110,111,112,112,112,114,116,117,117,118,119,119,120,121,121,124,124,125,125,127,129,131,131,131,132,133,136,139,139,140,141,142,143,145,146,146,148,150,150,151,153,153,153,154,157,157,158,160,161,164,170,171,172,172,175,179,181,184,186,190,195,198,203,207,212,217,217,224,230,233,235,239,241,244,247,248,255,257,267,270,273,277,283,289,292,295,297,302,310,315,321,325,332,337,343,350,356,359,363,365,372,376,380,386,391,393,401,403,405,407,408,408,408,410,410,410,411,414,415,416,417,418,419,423,425,427,430,435,438,439,439,439,441,445,446,446,447,448,449,450,450,450,450,452,453,453,453,453,453,453,454,454,454,452,453,454,458,459
"CARROLL",0,0,0,0,0,0,0,0,0,0,0,0,0,0,0,0,0,0,0,0,0,0,0,0,0,0,0,0,0,0,0,0,0,0,0,0,0,0,0,0,0,0,0,0,0,0,0,0,0,0,0,0,0,0,0,0,0,0,0,0,0,0,0,0,0,0,0,0,0,0,0,0,0,0,0,0,0,0,0,0,0,0,0,0,0,0,0,0,0,1,2,2,2,2,2,2,2,2,2,2,2,2,2,2,2,2,2,3,3,3,3,3,3,3,3,3,3,3,3,3,3,3,3,3,3,3,3,3,3,3,3,3,3,3,3,3,3,3,3,3,3,3,3,3,3,3,3,3,3,3,3,3,3,3,3,3,3,3,3,3,3,3,3,3,3,3,3,3,3,4,4,4,4,4,4,4,4,4,4,4,4,5,5,5,5,5,5,5,5,5,5,5,5,5,5,5,5,5,5,5,5,5,5,5,6,6,6,6,6,6,6,6,6,6,6,6,6,6,6,7,7,7,7,7,7,7,7,7,7,7,7,7,7,7,7,7,7,7,7,7,7,7,7,7,7,7,7,7,7,7,7,7,7,7,7,7,7,7,7,7,7,7,7,7,7,7,7,7,7,7,7,7,7,7,7,7,7,7,7,7,7,8,8,8,9,9,9,10,10,10,10,10,10,10,10,10,10,10,10,10,10,10,10,10,10,10,10,10,10,10,10,11,12,12,14,14,14,16,16,17,17,17,17,17,17,17,18,18,18,18,18,19,19,19,19,19,19,19,19,19,20,21,21,21,21,21,21,21,23,23,23,23,23,23,24,24,24,25,25,25,25,25,25,25,25,25,25,25,25,25,25,26,26,26,26,26,26,26,26,26,26,26,26,26,26,26,26,26,26,26,26,26,26,26,26,26,26,27
"CHAMPAIGN",0,0,0,0,0,0,0,0,0,0,0,0,0,0,0,0,0,0,0,0,0,0,0,0,0,0,0,0,0,0,0,0,0,0,0,0,0,0,0,0,0,0,0,0,0,0,0,0,0,0,0,0,0,0,0,0,0,0,0,0,0,0,0,0,0,0,0,0,0,0,0,0,0,0,0,0,0,1,1,1,1,1,1,1,1,1,1,1,1,1,1,1,1,1,1,1,1,1,1,1,1,1,1,1,1,1,1,1,1,1,1,1,1,1,1,1,1,1,1,1,1,1,1,1,1,1,1,1,1,1,1,1,1,1,1,1,1,1,1,1,1,1,1,1,1,1,1,1,1,1,1,1,1,1,1,1,1,1,1,1,1,1,1,1,1,1,1,1,1,1,1,1,1,1,1,1,1,1,1,1,1,1,1,1,1,1,1,1,1,1,1,1,1,1,1,1,1,2,2,2,2,2,2,2,2,2,2,2,2,2,2,2,2,2,2,2,2,2,2,3,3,3,3,3,3,3,3,3,3,3,3,3,3,3,3,3,3,3,3,3,3,3,3,3,3,3,3,3,3,3,3,3,3,3,3,3,3,3,3,3,3,3,3,3,3,3,3,3,3,3,3,3,3,3,3,3,3,3,4,4,4,4,4,4,4,4,4,4,4,4,5,5,5,5,5,5,5,5,5,5,5,6,7,7,8,8,8,9,9,9,9,9,10,10,11,13,14,17,18,19,21,21,24,27,28,29,29,30,31,32,32,33,33,34,34,35,35,36,36,36,36,37,37,39,39,39,40,40,41,42,42,42,42,44,44,45,45,45,45,45,45,45,45,45,45,45,45,45,45,45,45,45,45,45,45,45,45,45,45,45,45,45,45,45,45,45,45,45,45,45,45,45,45,44,44,45,45,45
"CLARK",0,0,0,0,0,0,0,0,0,0,0,0,0,0,0,0,0,0,0,0,0,0,0,0,0,0,0,0,0,0,0,0,0,0,0,0,0,0,0,0,0,0,0,0,0,0,0,0,0,0,0,0,0,0,0,0,0,0,0,0,0,0,0,0,0,0,0,0,0,0,1,1,1,1,1,1,1,1,1,1,1,1,1,1,1,1,1,1,1,1,1,1,1,2,2,2,2,2,2,2,2,2,2,2,2,2,3,3,3,3,3,3,3,3,3,3,4,5,5,5,6,6,6,6,6,7,7,7,7,7,7,8,8,9,9,9,9,9,9,9,9,9,10,10,10,10,10,10,10,10,10,10,10,10,10,10,10,10,10,10,10,10,10,11,11,12,12,12,12,12,12,12,12,12,12,13,13,13,13,13,13,13,14,14,14,15,15,15,15,15,15,15,15,15,15,15,15,15,15,15,15,15,15,15,16,16,16,17,17,18,19,19,21,22,24,25,26,28,30,30,30,30,32,33,33,34,34,35,35,36,37,37,38,39,39,39,39,40,40,41,41,42,42,42,42,44,44,45,46,47,48,48,48,52,54,56,56,57,59,59,59,59,62,64,65,66,66,66,69,72,75,76,80,85,87,89,89,89,90,91,91,92,93,96,99,100,102,105,107,111,112,116,120,126,129,131,131,133,133,133,133,136,138,138,138,141,144,146,148,153,157,162,164,166,173,176,178,183,189,193,198,202,206,210,210,212,215,216,217,219,223,226,231,238,240,240,245,249,254,257,259,262,263,267,268,269,274,276,277,280,282,284,286,290,292,293,294,295,295,296,299,299,300,301,301,302,304,306,306,307,310,310,311,312,312,312,314,315,317,318,320,322,325,326,326,327,328,328,328,328,329,329,329,320,328,329,330,331
"CLERMONT",0,0,0,0,0,0,0,0,0,0,0,0,0,0,0,0,0,0,0,0,0,0,0,0,0,0,0,0,0,0,0,0,0,0,0,0,0,0,0,0,0,0,0,0,0,0,0,0,0,0,0,0,0,0,0,0,0,0,0,0,0,0,0,0,0,0,0,0,0,0,1,2,2,2,2,2,2,2,2,2,2,2,2,2,2,2,2,2,3,3,3,3,3,3,3,3,3,3,3,3,3,3,3,3,3,3,3,3,3,3,3,3,3,3,3,4,4,4,4,4,4,4,4,4,4,4,4,4,4,4,4,4,4,4,4,5,5,5,5,5,5,5,5,5,5,5,5,5,5,5,5,5,5,5,5,5,5,5,5,5,5,5,5,5,5,5,6,6,6,6,6,6,6,7,7,7,7,7,7,8,8,8,8,8,9,9,9,9,9,9,9,9,9,9,10,10,10,10,10,10,10,10,10,10,11,11,11,11,12,12,12,12,13,13,13,13,14,15,15,15,15,15,17,17,17,17,17,17,17,18,18,18,18,19,20,20,21,21,21,21,22,22,23,24,24,24,25,26,26,29,33,33,34,34,34,34,36,37,38,39,39,39,39,39,39,39,40,41,41,42,43,43,43,43,43,43,44,45,45,47,47,48,48,49,49,49,49,49,49,49,49,51,51,53,53,54,54,54,56,58,60,65,65,65,68,72,74,75,77,79,82,82,86,88,89,90,90,93,95,100,101,107,109,110,115,116,119,122,124,126,127,130,130,133,136,138,143,143,145,146,151,154,156,156,159,163,163,166,167,167,170,171,172,174,176,179,181,183,184,184,185,188,189,189,189,189,189,189,189,190,194,195,195,195,196,198,199,199,199,199,199,200,200,201,201,201,202,202,202,202,202,202,202,200,202,202,203,204
"CLINTON",0,0,0,0,0,0,0,0,0,0,0,0,0,0,0,0,0,0,0,0,0,0,0,0,0,0,0,0,0,0,0,0,0,0,0,0,0,0,0,0,0,0,0,0,0,0,0,0,0,0,0,0,0,0,0,0,0,0,0,0,0,0,0,0,0,0,0,0,0,0,0,0,0,0,0,0,0,0,0,0,0,0,0,0,0,0,0,0,0,0,0,0,0,0,0,0,0,0,0,0,0,0,0,0,0,1,1,1,1,1,1,1,1,1,1,1,1,1,1,1,1,1,1,1,1,1,1,1,1,1,1,1,1,1,1,1,1,1,1,1,1,1,1,1,1,1,1,1,1,1,1,1,1,1,1,1,1,1,1,1,1,1,1,1,1,1,1,1,1,1,2,2,2,3,3,3,3,3,3,3,4,4,4,4,4,5,5,5,5,6,6,6,6,6,6,6,6,6,6,6,6,6,6,6,6,6,6,6,6,6,6,6,6,7,7,7,8,10,10,10,10,10,10,11,11,12,12,12,12,12,12,12,12,13,13,13,13,13,13,13,13,13,13,13,13,13,13,13,13,13,13,13,13,13,13,13,13,13,13,13,13,13,13,13,13,13,13,13,13,13,13,13,13,13,13,13,13,13,13,13,13,13,13,14,14,14,14,14,14,14,14,15,15,15,15,15,15,15,15,15,15,17,17,17,17,17,17,19,19,20,21,21,22,22,22,22,24,25,26,27,29,31,33,36,36,39,40,42,44,44,44,44,47,47,47,48,49,49,50,51,52,53,53,53,54,54,54,54,56,57,57,57,57,57,57,57,57,57,58,58,58,58,58,58,58,58,60,60,60,61,61,61,61,61,61,61,61,61,61,61,61,61,61,61,61,61,61,61,62,62,62,62,62,62,62,62,62,62
"COLUMBIANA",0,0,0,0,0,0,0,0,0,0,0,0,0,0,0,0,0,0,0,0,0,0,0,0,0,0,0,0,0,0,0,0,0,0,0,0,0,0,0,0,0,0,0,0,0,0,0,0,0,0,0,0,0,0,0,0,0,0,0,0,0,0,0,0,1,1,1,1,2,2,3,6,7,7,7,7,7,7,7,7,7,7,10,11,13,15,16,17,19,19,19,19,21,22,23,25,26,28,28,29,32,33,34,34,35,36,37,39,42,43,43,45,46,48,50,51,51,51,51,51,51,51,51,51,51,51,51,51,52,52,52,52,53,53,53,53,53,53,54,54,54,54,55,57,57,57,57,57,57,57,57,57,57,58,58,58,58,58,59,59,59,59,59,59,59,59,59,59,59,59,59,59,59,59,59,59,59,59,59,59,59,59,59,59,59,59,59,59,59,59,59,59,59,60,60,60,60,60,60,60,60,60,61,61,62,62,62,63,63,65,65,65,65,65,65,65,65,66,68,69,69,69,71,71,73,74,74,75,78,78,78,78,79,79,80,81,81,81,82,82,82,82,82,82,82,82,82,82,82,82,82,82,83,83,83,84,85,85,86,86,87,87,87,87,87,87,88,88,88,88,88,88,88,89,90,90,90,90,90,90,90,90,90,90,90,90,90,90,90,90,90,90,90,91,92,93,94,95,95,95,97,97,101,102,102,103,104,104,104,106,106,106,106,108,110,112,113,113,114,114,115,119,122,126,127,129,130,134,136,136,139,142,146,147,149,150,151,151,151,155,155,156,156,159,161,162,163,164,166,167,167,168,168,168,168,168,169,170,170,170,170,171,171,172,172,172,173,174,175,175,175,175,175,175,176,176,176,176,176,177,177,177,177,177,177,177,177,177,177,177,177,177,177,176,176,177,177,177
"COSHOCTON",0,0,0,0,0,0,0,0,0,0,0,0,0,0,0,0,0,0,0,0,0,0,0,0,0,0,0,0,0,0,0,0,0,0,0,0,0,0,0,0,0,0,0,0,0,0,0,0,0,0,0,0,0,0,0,0,0,0,0,0,0,0,0,0,0,0,0,0,0,0,0,0,0,0,0,0,0,0,0,0,0,0,0,0,0,0,0,0,0,0,0,0,0,0,0,0,0,0,0,0,0,0,0,0,0,0,0,0,0,0,0,0,0,0,0,0,0,0,0,0,0,0,0,0,0,0,0,0,0,0,0,0,0,0,0,0,0,0,0,0,0,0,0,0,0,0,0,0,0,0,0,0,0,0,0,0,0,0,0,1,1,2,2,3,3,4,4,4,4,4,4,5,5,5,5,5,5,5,5,5,5,5,5,5,5,5,5,5,6,6,6,6,7,7,8,8,8,9,9,10,10,10,10,10,10,10,10,10,10,10,10,10,10,10,10,10,10,10,10,10,10,10,10,10,10,10,10,11,11,11,11,11,11,11,11,11,11,11,11,11,11,11,11,11,11,11,11,11,11,11,11,11,11,11,11,11,11,11,11,11,11,11,11,12,12,12,12,12,12,12,12,12,12,12,12,12,12,12,12,13,13,13,13,13,13,14,14,14,14,14,14,14,14,14,14,14,14,14,14,14,14,14,14,14,14,15,16,16,18,19,20,20,20,22,23,23,23,23,24,24,24,24,25,25,25,26,27,28,28,29,30,30,30,30,30,31,31,33,33,34,35,35,36,36,36,36,36,37,37,38,39,40,40,40,41,42,42,42,42,42,44,45,45,46,46,46,46,46,46,46,46,46,46,46,46,46,46,46,46,46,46,46,46,46,46,46,46,46,46,46,46,46,46,45,45,46,46,46
"CRAWFORD",0,0,0,0,0,0,0,0,0,0,0,0,0,0,0,0,0,0,0,0,0,0,0,0,0,0,0,0,0,0,0,0,0,0,0,0,0,0,0,0,0,0,0,0,0,0,0,0,0,0,0,0,0,0,0,0,0,0,0,0,0,0,0,0,0,0,0,0,0,0,0,0,0,0,0,0,0,0,0,0,0,0,0,0,0,0,0,0,0,0,0,0,0,0,0,0,0,0,0,0,0,1,1,1,1,1,1,1,2,2,2,2,2,2,2,2,2,3,3,3,3,3,3,4,4,4,4,4,4,4,4,4,4,4,4,4,4,4,4,4,4,4,5,5,5,5,5,5,5,5,5,5,5,5,5,5,5,5,5,5,5,5,5,5,5,5,5,5,5,5,5,5,5,5,5,5,5,5,5,5,5,5,5,5,5,5,5,5,5,5,5,5,5,5,5,5,5,5,5,5,5,5,5,5,5,5,5,5,5,5,5,5,5,5,5,5,5,5,5,5,5,5,5,5,5,5,5,6,6,6,6,6,6,6,6,6,6,6,6,6,6,6,6,6,6,6,6,6,6,6,6,7,7,7,7,7,7,7,7,7,7,7,7,7,8,8,8,8,8,8,8,8,8,9,9,10,10,11,11,11,11,11,11,12,13,15,17,17,17,17,17,19,21,22,23,25,25,27,27,27,28,28,29,30,32,32,33,35,35,38,39,41,42,42,44,44,45,47,49,51,53,54,55,55,56,58,60,66,68,70,70,71,71,72,72,74,75,75,76,76,76,78,79,81,81,81,81,83,83,83,83,83,85,87,88,88,88,88,88,89,89,89,90,90,90,91,92,92,93,93,93,93,94,94,94,94,94,94,94,94,95,95,95,95,95,95,95,95,95,95,95,95,95,95,95,95,95,95
"CUYAHOGA",0,0,0,0,0,0,0,0,0,0,0,0,0,0,0,0,0,0,0,0,0,0,0,0,0,0,0,0,0,0,0,0,0,0,0,0,0,0,0,0,0,0,0,0,0,0,0,0,0,0,0,0,0,0,0,0,0,0,0,0,1,1,2,2,2,2,3,3,4,6,13,15,16,19,20,23,26,28,30,33,39,40,47,56,62,65,67,69,74,80,84,91,98,102,106,109,115,117,120,122,127,127,130,133,137,141,145,150,158,163,166,170,171,172,178,183,190,196,203,208,214,220,229,235,237,239,241,244,247,248,257,263,267,276,281,281,289,292,296,299,303,307,311,316,323,326,327,330,336,341,345,346,349,351,353,356,356,359,359,361,365,369,373,374,379,382,384,389,391,397,400,403,405,405,407,410,416,420,427,430,435,435,442,444,449,455,456,458,462,470,476,478,482,485,487,489,493,497,505,511,514,521,526,529,530,535,540,546,547,551,556,561,567,571,576,577,580,582,585,585,590,592,594,600,604,607,610,612,612,617,617,620,625,627,628,630,631,634,637,639,643,643,646,648,650,651,652,655,659,659,659,662,664,664,665,667,668,670,672,673,674,676,679,681,682,684,685,688,691,695,697,698,700,703,707,708,709,711,713,716,718,721,723,726,730,732,735,739,742,749,757,760,764,767,770,777,783,785,788,789,795,804,811,819,831,838,846,856,870,879,893,910,925,937,950,966,975,992,1012,1035,1051,1075,1091,1107,1130,1152,1178,1203,1226,1250,1271,1291,1318,1336,1362,1384,1406,1418,1432,1446,1464,1485,1513,1529,1550,1565,1576,1590,1600,1611,1619,1621,1621,1623,1625,1627,1630,1631,1633,1635,1638,1638,1639,1640,1643,1643,1644,1646,1649,1652,1653,1654,1656,1658,1658,1660,1661,1662,1664,1668,1670,1672,1673,1677,1677,1678,1678,1678,1678,1678,1678,1678,1680,1656,1669,1680,1691,1695
"DARKE",0,0,0,0,0,0,0,0,0,0,0,0,0,0,0,0,0,0,0,0,0,0,0,0,0,0,0,0,0,0,0,0,0,0,0,0,0,0,0,0,0,0,0,0,0,0,0,0,0,0,0,0,0,0,0,0,0,0,0,0,0,0,0,0,0,0,0,0,0,1,2,3,5,5,5,6,6,7,7,8,9,9,10,10,10,10,10,10,10,11,11,12,12,12,14,14,14,14,14,14,14,14,14,14,14,14,14,14,15,15,16,16,16,16,16,16,16,16,16,16,16,18,19,19,19,21,21,22,22,22,23,23,23,23,23,24,25,25,25,25,25,25,25,25,25,25,25,25,25,25,25,25,25,25,25,25,25,25,25,25,25,26,26,26,26,26,26,26,26,26,26,26,26,26,26,26,26,26,26,26,26,26,26,26,26,26,26,26,26,26,26,26,26,26,27,27,27,28,29,29,29,29,30,30,30,30,31,31,31,31,32,32,34,35,36,37,37,38,38,38,38,39,39,39,40,41,41,41,41,41,42,42,42,42,42,42,42,42,43,43,43,43,43,43,43,43,44,44,44,44,44,44,44,45,45,45,45,46,46,49,50,50,50,50,50,51,51,51,51,52,52,53,53,53,53,54,54,54,54,54,54,54,54,54,54,54,54,54,55,55,57,58,58,58,58,58,58,59,59,59,59,59,60,60,63,65,65,67,68,68,68,69,69,69,69,71,71,72,72,73,75,77,78,78,78,79,81,81,82,83,86,86,87,89,92,93,95,96,97,98,98,100,102,103,104,105,105,105,107,107,107,107,107,107,108,109,109,111,112,112,112,112,112,113,113,113,114,114,115,116,116,116,117,117,117,117,118,118,119,119,119,119,119,120,120,121,121,121,121,122,122,122,122,122,122,122,122,122
"DEFIANCE",0,0,0,0,0,0,0,0,0,0,0,0,0,0,0,0,0,0,0,0,0,0,0,0,0,0,0,0,0,0,0,0,0,0,0,0,0,0,0,0,0,0,0,0,0,0,0,0,0,0,0,0,0,0,0,0,0,0,0,0,0,0,0,0,0,0,0,0,0,0,0,0,0,0,0,0,0,0,0,0,0,0,0,0,0,0,0,0,0,1,1,1,1,1,1,1,1,1,2,2,2,2,2,2,2,2,2,2,2,2,2,2,2,2,2,2,2,2,2,2,2,2,2,2,2,2,2,2,2,2,2,2,2,2,2,2,2,2,2,2,2,2,2,2,3,3,3,3,3,3,3,3,3,3,3,3,3,3,3,3,3,3,3,3,3,3,3,3,3,3,3,3,3,3,4,4,4,4,4,4,4,4,4,4,4,4,4,4,4,4,4,4,4,4,4,4,4,4,4,4,4,4,4,4,4,4,4,4,4,4,5,6,6,7,7,7,7,7,7,8,8,8,8,8,8,8,8,9,9,9,9,9,9,11,11,11,11,11,11,11,12,12,12,12,12,12,12,12,12,13,13,13,13,13,13,13,13,13,13,13,13,13,13,13,13,13,13,13,13,13,13,13,13,13,13,13,13,14,14,14,14,14,14,14,14,14,15,16,19,19,19,20,21,21,22,23,24,25,27,28,30,31,31,33,33,35,37,41,42,45,46,48,49,50,51,52,52,54,55,56,58,61,64,68,70,72,74,75,75,75,75,75,76,76,78,79,79,79,81,82,82,83,83,84,84,84,85,86,86,86,86,88,90,90,91,91,91,92,92,92,92,92,93,93,93,93,94,95,95,96,97,97,97,97,98,100,100,100,100,101,101,101,101,101,101,101,101,101,101,101,101,101,101,101,101,101,101,102
"DELAWARE",0,0,0,0,0,0,0,0,0,0,0,0,0,0,0,0,0,0,0,0,0,0,0,0,0,0,0,0,0,0,0,0,0,0,0,0,0,0,0,0,0,0,0,0,0,0,0,0,0,0,0,0,0,0,0,0,0,0,0,0,0,0,0,0,0,0,0,0,1,1,2,2,2,2,2,2,3,3,3,3,3,3,3,3,3,3,3,3,3,3,4,4,4,4,4,4,4,4,4,4,4,4,4,4,4,4,4,5,5,5,6,6,7,7,8,8,10,10,10,10,11,12,13,13,13,13,13,13,13,14,14,14,15,15,15,15,15,15,15,15,15,15,15,15,15,15,15,15,15,15,15,15,15,15,15,15,15,15,15,15,15,15,15,16,16,16,16,16,16,16,16,16,16,16,16,16,16,16,16,16,17,18,18,18,18,18,18,18,18,18,18,18,18,18,18,18,18,18,18,18,18,18,18,18,18,18,18,19,19,19,19,19,19,19,19,19,19,19,19,19,19,19,19,19,19,19,19,19,19,19,19,19,19,19,19,19,20,20,20,20,20,20,20,20,20,20,20,21,23,23,23,23,23,23,24,24,25,26,26,26,26,26,26,26,27,27,27,27,27,27,27,27,27,27,27,27,27,28,28,28,28,28,28,28,28,29,29,29,29,29,29,29,30,32,32,33,33,33,33,36,36,36,37,38,38,38,39,43,44,45,47,48,51,51,53,53,55,55,56,58,58,60,63,65,68,69,70,72,73,73,74,76,78,84,86,90,92,93,94,96,97,98,99,100,100,100,102,106,107,108,108,108,108,109,109,110,110,111,113,114,115,115,115,115,115,116,116,116,116,116,116,117,119,119,119,119,120,120,121,121,121,124,124,124,124,125,125,126,126,127,128,128,128,124,128,128,128,128
"ERIE",0,0,0,0,0,0,0,0,0,0,0,0,0,0,0,0,0,0,0,0,0,0,0,0,0,0,0,0,0,0,0,0,0,0,0,0,0,0,0,0,0,0,0,0,0,0,0,0,0,0,0,0,0,0,0,0,0,0,1,1,1,1,1,1,1,1,1,1,1,1,1,1,1,1,1,1,1,1,1,1,1,1,1,1,1,1,1,3,3,3,3,3,3,3,3,3,3,3,3,3,3,3,3,3,3,3,3,3,3,3,3,3,3,3,3,3,3,3,4,4,5,6,9,9,11,11,11,13,15,16,17,17,17,19,19,19,19,19,19,19,20,20,20,20,20,22,22,22,22,22,22,22,22,22,22,22,22,22,22,22,22,22,22,22,22,22,22,22,22,22,22,22,22,22,22,22,22,22,22,22,22,22,23,24,24,24,27,27,27,27,28,29,29,29,29,29,29,29,29,29,29,29,29,30,31,31,31,31,32,33,33,34,35,35,35,35,37,38,38,38,38,38,39,39,39,39,40,41,42,42,42,44,44,44,45,45,45,45,45,45,46,46,48,48,48,48,48,49,49,49,49,50,51,51,51,52,52,53,54,54,54,54,55,56,56,56,56,56,56,56,56,56,57,57,57,57,57,57,57,57,58,60,61,61,61,61,61,61,61,61,61,62,63,63,64,64,65,65,67,68,70,72,74,75,75,76,76,77,78,79,81,83,85,85,86,88,88,88,89,93,96,96,98,98,100,101,103,109,109,112,114,117,117,118,120,123,127,127,129,129,133,135,139,141,143,144,148,151,152,153,155,156,158,159,159,162,164,164,164,164,166,167,167,170,171,171,171,172,173,174,174,174,174,174,175,175,175,177,177,177,178,178,178,178,178,179,179,179,179,179,179,180,180,177,178,180,180,180
"FAIRFIELD",0,0,0,0,0,0,0,0,0,0,0,0,0,0,0,0,0,0,0,0,0,0,0,0,0,0,0,0,0,0,0,0,0,0,0,0,0,0,0,0,0,0,0,0,0,0,0,0,0,0,0,0,0,0,0,0,0,0,0,0,0,0,0,0,0,0,0,0,0,0,0,0,0,0,0,0,0,0,0,0,0,1,1,1,2,2,2,2,2,2,2,2,2,2,2,2,2,2,2,2,2,2,2,2,2,2,3,3,3,3,3,3,3,3,3,3,3,3,3,4,4,4,4,4,4,5,5,6,6,6,7,8,8,8,8,9,9,9,9,9,9,9,10,11,11,12,12,13,13,14,14,14,15,15,16,16,16,16,16,16,16,16,16,16,16,16,17,17,17,17,17,17,18,18,18,18,18,18,18,18,20,21,21,22,23,24,25,25,27,27,27,29,30,31,31,32,32,34,35,36,37,37,38,39,40,40,42,44,44,44,45,45,45,47,47,47,48,49,49,49,50,51,51,51,51,51,51,52,53,53,53,53,54,54,54,54,54,54,54,55,55,55,55,55,55,55,55,55,55,55,55,55,55,55,55,55,55,55,55,56,56,57,57,57,57,57,57,58,58,58,60,60,60,60,61,64,65,65,65,65,67,68,69,69,69,71,73,74,74,74,75,76,77,77,78,79,81,82,82,83,84,85,87,90,92,92,96,98,99,99,101,103,104,105,105,107,108,108,110,110,112,116,118,118,119,120,121,121,126,127,130,130,130,131,132,133,134,134,137,138,138,138,139,141,143,143,143,144,147,148,149,149,149,149,149,149,150,151,151,151,152,152,152,152,152,152,152,152,153,153,154,154,154,154,155,155,155,155,155,155,155,155,155,155,155,155,155,155,155,155,155,155,155,151,151,155,156,157
"FAYETTE",0,0,0,0,0,0,0,0,0,0,0,0,0,0,0,0,0,0,0,0,0,0,0,0,0,0,0,0,0,0,0,0,0,0,0,0,0,0,0,0,0,0,0,0,0,0,0,0,0,0,0,0,0,0,0,0,0,0,0,0,0,0,0,0,0,0,0,0,0,0,0,0,0,0,0,0,0,0,0,0,0,0,0,0,0,0,0,0,0,0,0,0,0,0,0,0,0,0,0,0,0,0,0,0,0,0,0,0,0,0,0,0,0,0,0,0,0,0,0,0,0,0,0,0,0,0,0,0,0,0,0,0,0,0,0,0,0,0,0,0,0,0,0,0,0,0,0,0,0,0,0,0,0,0,0,0,0,0,0,0,0,0,0,0,0,0,0,0,0,0,0,0,0,0,0,0,0,0,0,0,0,0,0,0,0,0,0,0,0,0,0,0,0,0,0,0,0,0,0,0,0,0,0,0,0,0,0,0,0,0,0,1,1,1,1,1,3,4,5,5,5,5,5,5,5,5,5,5,5,5,5,5,5,5,5,5,5,6,6,6,6,6,6,6,6,6,6,6,6,6,6,6,6,6,6,6,6,6,6,7,7,7,7,7,7,8,8,8,8,8,8,8,8,9,9,10,10,10,10,10,10,10,12,12,12,13,13,13,14,15,16,16,16,16,16,17,18,19,19,19,19,21,22,22,22,22,22,22,24,24,24,24,25,25,26,26,26,28,29,29,30,31,31,31,32,32,32,32,32,33,33,33,33,33,33,33,33,34,35,35,35,35,35,35,35,35,36,36,36,38,38,38,38,38,38,38,38,38,38,38,39,39,39,39,39,39,39,39,39,39,39,39,39,39,39,39,40,40,40,40,40,40,40,40,40,40,40,40,40,40,40,40,40,39,40,40,40,42
"FRANKLIN",0,0,0,0,0,0,0,0,0,0,0,0,0,0,0,0,0,0,0,0,0,0,0,0,0,0,0,0,0,0,0,0,0,0,0,0,0,0,0,0,0,0,0,0,0,0,0,0,0,0,0,0,0,0,0,0,0,0,0,0,0,2,2,2,2,2,2,3,2,3,9,10,11,12,13,14,14,20,21,23,26,31,34,37,37,39,45,47,48,50,54,60,64,70,71,78,87,90,94,97,101,106,118,121,125,130,139,145,151,163,168,176,180,187,196,209,219,232,240,245,252,260,266,273,277,283,286,293,299,301,305,312,317,324,327,330,337,340,342,348,352,359,361,366,371,376,380,385,388,394,397,400,410,418,420,422,427,430,435,438,438,443,446,448,449,450,454,460,462,465,471,475,478,480,483,484,488,496,499,502,503,505,507,510,518,521,521,525,527,529,532,533,533,536,539,540,545,547,549,551,553,556,558,559,564,565,567,571,572,573,576,577,583,584,588,593,596,597,597,602,603,603,604,604,606,607,608,608,609,609,613,618,619,621,626,627,629,630,632,633,633,633,634,635,638,642,646,648,649,652,652,654,655,658,659,660,663,663,667,673,674,674,674,674,674,674,675,675,677,677,680,681,683,685,687,689,691,693,694,696,697,698,699,701,705,708,709,714,715,721,725,726,732,736,741,746,749,753,759,765,770,774,776,783,792,803,808,814,822,830,840,848,855,866,874,882,890,905,911,922,932,943,958,963,969,980,988,1000,1004,1016,1025,1036,1045,1050,1061,1076,1085,1092,1099,1108,1120,1131,1136,1143,1148,1153,1158,1161,1163,1168,1168,1168,1168,1168,1168,1168,1168,1168,1169,1170,1170,1171,1171,1171,1171,1171,1171,1173,1173,1173,1173,1173,1173,1174,1175,1176,1176,1177,1177,1177,1177,1177,1177,1178,1178,1178,1178,1178,1178,1178,1178,1178,1178,1175,1176,1178,1181,1186
"FULTON",0,0,0,0,0,0,0,0,0,0,0,0,0,0,0,0,0,0,0,0,0,0,0,0,0,0,0,0,0,0,0,0,0,0,0,0,0,0,0,0,0,0,0,0,0,0,0,0,0,0,0,0,0,0,0,0,0,0,0,0,0,0,0,0,0,0,0,0,0,0,0,0,0,0,0,0,0,0,0,0,0,0,0,0,0,0,0,0,0,0,0,0,0,0,0,0,0,0,0,0,0,0,0,0,0,0,0,0,0,0,0,0,0,0,0,0,0,0,0,0,0,0,0,0,0,0,0,0,0,0,0,0,0,0,0,0,0,0,0,0,0,0,0,0,0,0,0,0,0,0,0,0,0,0,0,0,0,0,0,0,0,0,0,0,0,0,0,0,0,0,0,0,0,0,0,0,0,0,0,0,0,0,0,0,0,0,0,1,1,1,1,1,1,1,1,1,1,1,1,1,1,1,1,1,1,1,1,1,1,1,1,1,1,1,1,1,1,1,1,1,1,1,1,1,1,1,1,1,1,1,1,1,1,1,1,1,1,1,1,1,1,1,1,1,1,1,1,1,1,1,1,1,1,1,1,1,3,4,5,5,5,6,8,8,10,11,12,13,14,16,16,17,18,18,18,18,19,20,20,20,20,20,21,21,21,21,22,23,24,25,25,25,25,27,28,28,28,29,29,30,30,30,30,30,31,31,31,32,33,33,33,33,34,35,35,37,38,39,40,41,41,41,42,43,44,44,44,45,46,46,47,48,48,48,48,48,50,50,50,50,52,52,52,53,54,54,55,56,56,56,56,56,56,56,56,56,57,57,57,57,57,57,57,58,59,59,59,59,59,59,59,59,59,59,61,61,62,62,62,63,63,63,63,63,63,63,64,64,64,64,64,64,64,64,64,64,64,64
"GALLIA",0,0,0,0,0,0,0,0,0,0,0,0,0,0,0,0,0,0,0,0,0,0,0,0,0,0,0,0,0,0,0,0,0,0,0,0,0,0,0,0,0,0,0,0,0,0,0,0,0,0,0,0,0,0,0,0,0,0,0,0,0,0,1,1,1,1,1,1,1,1,1,1,1,1,1,1,1,1,1,1,1,1,1,1,1,1,1,1,1,1,1,1,1,1,1,1,1,1,1,1,1,1,1,1,1,1,1,1,1,1,1,1,1,1,1,1,1,1,1,1,1,1,1,1,1,1,1,1,1,1,1,1,1,1,1,1,1,1,1,1,1,1,1,1,1,1,1,1,1,1,1,1,1,1,1,1,1,1,1,1,1,1,1,1,1,1,1,1,1,1,1,1,1,1,1,1,1,1,1,1,1,1,1,1,1,1,1,1,1,1,1,1,1,1,1,1,1,1,1,1,1,1,3,3,3,3,3,3,3,3,4,5,5,7,8,9,9,9,9,9,9,9,9,9,9,9,9,9,9,10,10,10,10,10,10,12,12,12,12,13,13,13,13,13,13,13,13,13,13,13,13,13,13,13,13,13,13,13,13,13,13,13,13,13,13,13,13,13,14,14,14,14,14,14,14,14,14,14,14,14,14,14,14,14,14,14,14,14,14,14,14,14,14,14,14,14,14,14,14,14,14,14,14,14,15,15,15,15,16,16,16,16,16,16,17,17,17,17,17,17,20,20,20,20,21,21,23,23,23,24,25,25,25,26,27,29,30,30,30,32,32,33,35,35,35,35,35,35,35,35,35,35,35,35,35,35,37,37,37,37,37,38,38,38,38,38,38,39,39,40,40,40,40,41,41,41,41,42,42,43,43,44,45,46,46,46,46,46,46,46,46,46,46,45,46,46,46,46
"GEAUGA",0,0,0,0,0,0,0,0,0,0,0,0,0,0,0,0,0,0,0,0,0,0,0,0,0,0,0,0,0,0,0,0,0,0,0,0,0,0,0,0,0,0,0,0,0,0,0,0,0,0,0,0,0,0,0,0,0,0,0,0,0,0,0,0,0,0,0,0,0,0,0,0,0,0,0,0,0,0,0,1,1,1,2,4,5,5,7,7,9,9,10,11,12,13,13,14,16,16,18,19,20,20,20,20,20,21,22,22,22,22,24,26,26,27,27,28,28,28,28,30,30,30,31,31,32,32,33,33,34,35,35,35,35,36,36,36,36,36,36,36,36,37,38,38,38,39,39,39,39,41,41,42,42,42,42,42,42,42,42,43,43,43,43,43,43,43,43,43,43,43,43,43,43,43,43,43,43,43,43,43,43,43,43,43,43,43,43,43,43,43,44,44,44,44,44,44,44,45,45,45,45,46,46,46,46,46,46,46,46,46,46,46,47,47,47,47,47,47,47,47,47,47,47,47,47,48,48,48,48,48,48,48,48,48,48,48,48,48,48,48,49,49,49,49,49,49,49,49,50,50,50,50,50,50,50,50,50,50,50,50,50,50,50,50,50,50,50,50,50,50,50,50,50,50,50,50,50,50,50,50,50,51,51,51,52,52,53,53,54,54,54,54,54,55,55,55,55,55,56,57,57,57,57,57,57,58,59,60,61,61,61,62,63,63,65,67,67,69,71,75,78,79,81,83,85,90,95,96,99,101,101,105,106,106,110,110,111,113,113,115,117,118,119,121,121,123,123,124,125,126,126,126,126,127,127,127,127,127,127,127,127,127,127,127,127,127,127,127,127,128,128,128,128,128,128,128,128,128,128,128,128,128,128,128,128,128,128,128,128,128,128,128,128,128,128,128,129,129
"GREENE",0,0,0,0,0,0,0,0,0,0,0,0,0,0,0,0,0,0,0,0,0,0,0,0,0,0,0,0,0,0,0,0,0,0,0,0,0,0,0,0,0,0,0,0,0,0,0,0,0,0,0,0,0,0,0,0,0,0,0,0,0,0,0,0,0,0,0,0,0,1,1,1,1,1,1,1,1,1,1,1,1,1,2,3,3,3,3,4,4,5,5,5,5,5,5,5,5,5,5,5,5,5,5,5,5,5,5,5,5,5,5,5,5,5,5,5,5,5,5,5,5,5,5,5,5,5,5,5,5,5,5,6,6,6,6,6,6,6,6,6,6,6,7,7,7,7,8,8,9,9,9,9,9,9,9,9,9,9,9,9,9,9,9,9,9,9,9,9,9,9,9,9,9,10,10,10,10,10,10,10,10,10,11,11,12,12,12,12,12,12,12,12,12,12,12,12,12,12,12,12,13,14,16,16,16,16,16,16,16,17,17,18,18,18,18,20,21,21,21,22,22,23,23,23,23,25,25,25,27,27,27,27,27,27,28,28,28,28,28,29,31,32,33,33,34,34,34,36,37,37,37,37,37,37,38,39,40,40,40,40,41,43,43,44,44,44,45,45,45,45,45,45,46,47,49,49,49,49,49,49,49,51,53,54,54,55,61,61,61,61,63,63,64,67,70,71,73,73,76,77,79,82,87,89,91,95,96,97,99,101,103,105,107,110,114,117,119,121,123,126,128,129,132,132,136,137,140,143,144,146,148,150,151,152,153,153,155,157,161,163,166,166,171,171,172,175,176,176,176,178,179,180,181,181,182,184,184,184,184,185,188,189,190,191,191,192,195,197,198,199,200,202,202,203,203,203,203,203,204,205,205,205,208,208,208,208,208,208,208,208,208,208,208,208,208,208,209,210
"GUERNSEY",0,0,0,0,0,0,0,0,0,0,0,0,0,0,0,0,0,0,0,0,0,0,0,0,0,0,0,0,0,0,0,0,0,0,0,0,0,0,0,0,0,0,0,0,0,0,0,0,0,0,0,0,0,0,0,0,0,0,0,0,0,0,0,0,0,0,0,0,0,0,0,0,0,0,0,0,0,0,0,0,0,0,0,0,0,0,0,0,0,0,0,0,0,0,0,0,0,0,0,0,0,0,0,0,0,0,0,0,0,0,0,0,0,0,0,0,0,0,0,0,0,0,0,0,0,0,0,0,1,1,2,2,2,2,2,2,2,2,2,2,3,3,3,3,3,3,3,3,3,3,3,3,3,3,3,3,3,3,3,3,3,3,3,3,3,3,3,3,3,3,3,3,4,4,4,4,5,5,6,6,6,6,6,6,6,6,6,6,6,6,6,7,7,7,7,7,7,7,7,7,7,7,7,7,7,7,7,7,7,7,7,7,7,7,7,7,7,7,7,7,7,7,7,7,7,7,7,7,7,7,7,7,7,7,7,7,7,7,8,8,8,8,8,8,8,8,8,8,8,8,8,8,8,8,8,8,8,8,8,8,8,8,8,8,8,8,8,8,8,8,8,8,8,9,9,9,9,9,9,9,9,9,9,9,9,9,9,9,9,9,10,10,10,10,10,10,10,10,10,10,10,11,12,14,14,16,16,16,17,17,17,17,18,18,18,18,18,18,18,18,18,18,18,18,18,20,20,22,22,22,23,24,26,27,27,27,27,28,28,28,28,29,29,29,29,29,30,31,31,31,32,32,32,32,32,32,32,32,32,32,32,32,32,33,33,33,33,33,34,34,34,34,34,34,34,34,34,35,35,35,35,35,35,35,35,35,35,35,35,35,35,35,35,35,35,35,35,35
"HAMILTON",0,0,0,0,0,0,0,0,0,0,0,0,0,0,0,0,0,0,0,0,0,0,0,0,0,0,0,0,0,0,0,0,0,0,0,0,0,0,0,0,0,0,0,0,0,0,0,0,0,0,0,0,0,0,0,0,0,0,0,0,0,0,0,0,0,0,0,0,0,0,8,10,11,14,17,19,22,24,26,27,28,30,34,35,37,38,45,50,51,56,57,62,67,73,76,77,82,85,86,90,92,94,95,96,97,100,104,107,108,112,112,119,124,125,129,129,131,132,135,138,142,144,144,146,149,151,154,154,159,165,165,168,170,174,176,177,177,180,181,182,182,182,183,186,186,186,186,188,189,190,190,191,192,192,192,192,194,195,197,199,200,200,201,203,203,204,204,206,209,210,214,216,216,217,219,221,225,227,229,233,234,234,236,238,240,242,243,246,250,254,256,258,259,260,260,261,264,265,267,267,268,271,272,273,275,278,279,279,281,282,284,287,288,290,292,295,295,296,296,296,297,301,302,304,306,306,307,309,310,310,310,310,311,311,312,312,314,315,316,317,317,319,321,322,325,325,326,326,326,326,327,329,329,330,331,332,333,334,334,336,336,336,336,337,339,340,343,345,346,349,349,351,353,354,358,360,364,367,371,377,385,391,395,401,405,408,413,415,419,424,426,427,436,441,447,450,455,459,462,467,473,476,482,487,495,498,507,517,524,528,535,540,543,554,555,561,567,574,585,592,599,611,618,626,636,645,652,666,679,694,706,715,721,730,744,755,762,777,789,800,812,820,837,843,853,864,874,876,881,887,891,893,894,895,898,898,901,901,901,903,904,905,906,906,906,910,910,912,914,916,916,917,918,919,919,919,920,920,921,922,923,923,924,925,925,925,925,925,926,927,929,929,929,925,927,929,935,938
"HANCOCK",0,0,0,0,0,0,0,0,0,0,0,0,0,0,0,0,0,0,0,0,0,0,0,0,0,0,0,0,0,0,0,0,0,0,0,0,0,0,0,0,0,0,0,0,0,0,0,0,0,0,0,0,0,0,0,0,0,0,0,0,0,0,0,0,0,0,0,0,0,0,0,0,0,0,0,0,0,0,1,1,1,1,1,1,1,1,1,1,1,1,1,1,1,1,1,1,1,1,1,1,1,1,1,1,1,1,1,1,1,1,1,1,1,1,1,1,1,1,1,1,1,1,1,1,1,1,1,1,1,1,1,1,1,1,1,1,1,1,1,1,1,1,1,1,1,1,1,1,1,1,1,1,1,1,1,1,1,1,1,1,1,1,1,1,1,1,1,1,1,1,1,2,2,2,2,2,2,2,2,2,2,2,2,2,2,2,2,2,2,2,2,2,2,2,2,4,4,4,4,4,4,4,4,4,4,4,4,4,4,5,6,6,6,6,6,6,6,6,7,7,7,7,8,8,8,9,9,9,9,9,9,9,9,9,9,9,10,10,11,11,11,11,11,12,12,13,13,14,14,14,14,14,14,15,15,15,15,15,15,16,16,16,18,19,19,19,22,24,24,24,25,25,27,27,27,29,29,29,30,31,32,32,32,32,33,34,34,34,34,34,34,34,35,35,36,37,38,38,39,40,40,40,41,42,43,43,43,44,50,51,51,54,56,58,60,61,64,67,69,70,71,71,73,75,75,75,75,75,75,78,81,81,83,83,84,84,86,88,90,91,92,93,94,96,97,97,97,99,99,100,100,101,103,103,103,103,104,104,105,105,105,105,105,105,106,106,107,107,107,107,108,108,108,108,109,109,109,109,109,109,109,109,109,109,109,109,109,109,109,109,109,109,109,109,109,109,110,110
"HARDIN",0,0,0,0,0,0,0,0,0,0,0,0,0,0,0,0,0,0,0,0,0,0,0,0,0,0,0,0,0,0,0,0,0,0,0,0,0,0,0,0,0,0,0,0,0,0,0,0,0,0,0,0,0,0,0,0,0,0,0,0,0,0,0,0,0,0,0,0,0,0,0,0,0,0,0,0,0,0,0,0,0,0,0,0,0,0,0,0,0,0,0,0,0,0,0,0,0,0,0,0,0,0,0,0,0,0,0,0,0,0,0,0,0,0,0,0,0,0,0,0,0,0,0,0,0,0,0,0,0,0,0,2,2,3,3,4,7,7,8,8,8,8,8,9,9,10,10,10,10,10,10,11,11,11,11,12,12,12,12,12,12,12,12,12,12,12,12,12,12,12,12,12,12,12,12,12,12,12,12,12,12,12,12,12,12,12,12,12,12,12,12,12,12,12,12,12,12,12,12,12,12,12,12,12,12,12,12,12,12,12,13,13,13,13,13,13,13,13,13,13,13,13,13,13,13,13,13,13,13,13,13,13,13,13,13,13,13,13,13,13,13,13,13,13,13,13,13,13,13,13,13,13,13,13,13,13,13,13,13,13,13,13,13,13,13,13,14,14,14,14,14,14,14,14,15,16,16,16,16,16,16,16,16,16,16,16,16,16,17,17,20,22,22,22,22,22,22,23,23,23,24,24,25,26,26,26,28,29,31,31,31,32,32,33,33,33,35,36,39,40,41,41,42,42,44,44,44,44,44,46,46,46,47,48,48,48,48,48,48,49,50,51,51,51,51,51,51,52,52,53,53,53,53,53,53,53,54,54,54,54,54,54,54,54,54,54,54,54,54,54,54,54,54,54,55,55,55,55,55,55,55,55,55,55,55,55,55,55,55,55,55,55,55,56,55,55,55,55
"HARRISON",0,0,0,0,0,0,0,0,0,0,0,0,0,0,0,0,0,0,0,0,0,0,0,0,0,0,0,0,0,0,0,0,0,0,0,0,0,0,0,0,0,0,0,0,0,0,0,0,0,0,0,0,0,0,0,0,0,0,0,0,0,0,0,0,0,0,0,0,0,0,0,0,0,0,0,0,0,0,0,0,0,0,0,0,0,0,0,0,0,0,0,0,0,0,0,0,0,0,0,0,0,0,0,0,0,0,0,0,0,0,0,0,0,0,0,0,0,0,0,0,0,0,0,0,0,0,0,0,0,0,0,0,0,0,0,0,0,0,0,0,0,0,0,0,0,0,0,0,0,1,1,1,1,1,1,1,1,1,1,1,1,1,1,1,1,1,1,1,1,1,1,1,1,1,1,1,1,1,1,1,1,1,1,1,1,1,1,1,1,1,1,1,1,1,1,1,1,1,1,1,1,1,1,1,1,1,1,1,1,1,1,1,1,1,1,1,1,1,1,1,1,1,1,1,1,1,1,1,1,1,1,1,2,2,2,2,2,2,2,2,3,4,4,4,5,5,5,5,5,5,5,5,5,5,5,5,5,5,5,5,5,5,5,5,5,5,5,5,5,5,5,5,5,5,5,5,5,5,5,5,5,5,5,5,5,5,5,5,5,5,5,5,6,6,6,6,6,6,6,6,6,6,6,6,6,6,6,6,6,6,6,6,6,7,7,7,7,7,7,7,7,7,7,8,8,8,8,9,11,11,11,13,13,14,14,15,17,18,18,18,19,19,20,20,20,22,23,23,23,23,23,24,24,25,26,26,26,26,26,26,26,27,27,27,27,27,27,27,27,27,27,27,27,27,27,28,28,28,28,28,28,28,29,29,29,29,29,29,29,29,29,29,29,29,29,29,30,32
"HENRY",0,0,0,0,0,0,0,0,0,0,0,0,0,0,0,0,0,0,0,0,0,0,0,0,0,0,0,0,0,0,0,0,0,0,0,0,0,0,0,0,0,0,0,0,0,0,0,0,0,0,0,0,0,0,0,0,0,0,0,0,0,0,0,0,0,0,0,0,0,0,0,0,0,0,0,0,0,0,0,0,0,0,0,0,0,0,0,0,0,0,0,0,0,0,0,0,0,0,0,0,0,0,0,0,0,0,0,0,0,0,0,0,0,0,0,0,0,0,0,0,0,0,0,0,0,0,0,0,0,0,0,0,0,0,0,0,0,0,0,0,0,0,0,0,0,0,0,0,0,0,0,0,0,0,0,0,0,0,0,0,0,0,0,0,0,0,0,0,0,0,0,0,0,0,0,0,0,0,0,0,0,0,0,0,0,0,1,1,1,1,1,1,1,2,2,2,2,2,2,2,2,2,2,2,2,2,2,2,2,2,2,2,2,2,3,3,3,3,3,4,6,6,8,9,10,11,12,12,13,13,13,13,13,14,14,16,16,17,17,17,17,17,17,17,17,17,17,17,17,17,17,17,17,17,17,17,17,17,17,17,18,18,18,18,18,18,18,18,18,19,19,19,19,19,19,19,19,19,19,19,19,19,19,19,21,21,21,22,22,22,22,22,22,23,23,23,23,23,25,25,27,28,28,29,29,29,29,29,29,29,30,31,32,33,33,33,35,36,37,37,38,38,40,41,41,41,41,41,41,41,43,44,44,44,44,45,45,45,45,47,49,49,49,49,50,50,52,54,54,54,54,54,56,56,56,56,56,57,57,58,59,59,59,59,60,60,60,61,61,61,61,61,62,62,63,63,63,63,63,63,63,63,64,64,64,64,64,64,64,65,65,65,65,61,65,65,65,65
"HIGHLAND",0,0,0,0,0,0,0,0,0,0,0,0,0,0,0,0,0,0,0,0,0,0,0,0,0,0,0,0,0,0,0,0,0,0,0,0,0,0,0,0,0,0,0,0,0,0,0,0,0,0,0,0,0,0,0,0,0,0,0,0,0,0,0,0,0,0,0,0,0,0,0,0,0,0,0,0,0,0,0,0,0,0,0,0,0,0,0,0,0,0,0,0,0,0,0,0,0,0,0,0,0,0,0,1,1,1,1,1,1,1,1,1,1,1,1,1,1,1,1,1,1,1,1,1,1,1,1,1,1,1,1,1,1,1,1,1,1,1,1,1,1,1,1,1,1,1,1,1,1,1,1,1,1,1,1,1,1,1,1,1,1,1,1,1,1,1,1,1,1,1,1,1,1,1,1,1,1,1,1,1,1,1,1,1,1,1,1,1,1,1,1,1,1,1,1,1,1,1,1,1,2,2,2,2,2,2,2,2,3,3,3,3,3,3,3,3,3,3,3,3,3,3,3,3,3,4,4,4,4,4,4,4,4,4,4,4,4,4,4,4,4,4,4,4,4,4,4,4,4,4,4,4,4,4,4,4,4,4,5,5,5,5,5,5,6,6,6,6,7,7,8,8,9,9,9,10,12,13,14,14,14,14,16,16,17,17,17,19,21,23,23,24,25,25,25,26,26,26,26,26,26,27,27,27,28,28,28,28,28,28,28,28,28,29,29,29,29,31,31,31,31,31,33,36,36,36,36,36,36,36,37,37,37,37,37,38,38,38,39,41,41,41,41,41,41,41,41,41,41,41,41,41,41,41,41,41,41,41,41,41,41,41,41,42,42,42,42,43,44,45,46,46,47,47,47,47,47,47,47,47,47,47,47,47,47,47,47,47,47,47,47,47,47,46,47,47,49,49
"HOCKING",0,0,0,0,0,0,0,0,0,0,0,0,0,0,0,0,0,0,0,0,0,0,0,0,0,0,0,0,0,0,0,0,0,0,0,0,0,0,0,0,0,0,0,0,0,0,0,0,0,0,0,0,0,0,0,0,0,0,0,0,0,0,0,0,0,0,0,0,0,0,0,0,0,0,0,0,0,0,0,0,0,0,0,0,0,0,0,0,0,0,1,1,1,1,1,1,1,1,1,1,1,1,1,1,1,1,1,1,1,1,1,1,1,1,2,2,2,2,2,2,2,3,3,4,4,4,4,5,5,5,5,5,5,6,7,7,7,7,7,7,7,7,7,7,7,7,7,7,7,7,7,7,7,7,7,7,7,7,7,7,7,8,8,8,8,8,8,8,8,8,8,8,8,8,8,8,8,8,8,9,9,9,9,9,9,9,9,9,9,9,9,9,9,9,9,9,9,9,9,9,9,9,9,9,9,9,9,9,9,9,9,9,9,9,9,9,9,9,9,9,9,9,9,9,9,9,9,9,9,9,9,9,9,9,9,9,9,9,9,9,9,9,9,9,9,9,9,9,9,9,9,9,9,9,9,9,9,9,9,9,9,9,9,9,9,9,9,9,9,9,9,9,9,9,9,9,9,9,9,9,10,10,10,11,11,11,11,12,12,12,13,14,14,15,15,16,16,16,16,18,18,19,21,22,23,25,26,26,26,27,28,28,28,28,30,31,31,33,34,34,34,34,35,35,35,35,36,36,37,37,37,39,40,40,40,40,40,40,40,40,40,42,42,42,42,42,42,42,43,44,44,44,44,44,44,44,44,45,45,45,45,45,45,45,45,45,46,46,46,47,47,47,47,47,47,47,47,47,47,47,47,47,47,47,47,47,47,47,47,47,47,47,47,46,47,47,47,48
"HOLMES",0,0,0,0,0,0,0,0,0,0,0,0,0,0,0,0,0,0,0,0,0,0,0,0,0,0,0,0,0,0,0,0,0,0,0,0,0,0,0,0,0,0,0,0,0,0,0,0,0,0,0,0,0,0,0,0,0,0,0,0,0,0,0,0,0,0,0,0,0,0,0,0,0,0,0,0,0,0,0,0,0,0,0,0,0,0,0,1,1,1,1,1,1,1,1,1,1,1,1,1,1,1,1,1,1,1,1,1,1,1,1,1,1,1,1,1,1,1,1,1,1,2,2,2,2,2,2,2,2,2,2,3,3,3,3,3,3,3,3,3,3,3,3,3,3,3,3,3,3,3,3,3,3,3,3,3,3,4,4,4,4,4,4,4,4,4,4,4,4,5,5,5,5,5,5,5,5,5,5,5,5,5,5,5,5,5,5,5,6,6,6,6,6,6,6,6,6,6,6,6,6,6,6,6,6,7,7,7,7,7,7,7,7,7,7,7,7,7,7,7,7,7,7,7,7,7,7,7,7,7,7,7,7,7,7,7,7,7,7,7,7,8,8,9,9,9,9,9,9,9,9,9,9,9,9,10,10,10,10,10,10,10,10,10,10,10,10,10,10,10,11,12,12,12,12,12,14,15,15,16,16,18,19,20,22,24,25,29,32,33,36,40,42,43,44,44,44,44,45,45,46,49,50,50,50,52,52,52,52,52,53,54,55,56,57,58,59,59,62,63,63,64,65,67,69,70,72,73,73,74,74,75,76,78,78,80,81,81,83,84,84,84,85,86,87,89,90,91,94,94,95,95,95,95,95,97,98,98,98,98,98,99,99,99,99,99,100,100,100,100,100,100,100,101,101,101,101,101,101,101,101,101,101,101,102,102,102,102,102,102,102,102,102,102,102,102,102,102
"HURON",0,0,0,0,0,0,0,0,0,0,0,0,0,0,0,0,0,0,0,0,0,0,0,0,0,0,0,0,0,0,0,0,0,0,0,0,0,0,0,0,0,0,0,0,0,0,0,0,0,0,0,0,0,0,0,0,0,0,0,0,0,0,0,0,0,0,0,0,1,1,1,1,1,1,1,1,1,1,1,1,1,1,1,1,1,1,1,1,1,1,1,1,1,1,1,1,1,1,1,1,1,1,1,1,1,1,1,1,1,1,1,1,1,1,1,1,1,1,1,1,1,1,1,1,1,1,1,1,1,1,1,1,1,1,1,1,1,1,1,1,1,1,1,1,1,1,1,1,1,1,1,1,1,1,1,1,1,2,2,2,2,2,2,2,2,2,2,2,2,2,2,3,3,3,3,3,3,3,3,3,3,3,3,3,3,3,3,4,5,5,5,5,5,5,5,5,5,5,5,5,5,5,5,5,5,5,5,5,5,6,6,6,6,6,6,6,6,6,6,7,7,7,7,7,7,7,7,7,7,7,7,7,7,7,7,7,7,7,7,7,7,7,7,7,7,7,7,7,7,7,7,7,7,7,7,8,8,8,9,9,9,9,10,10,11,11,11,11,12,13,13,15,15,15,15,15,15,15,16,18,18,18,18,18,18,18,18,19,19,19,19,19,20,20,20,20,20,22,24,24,24,24,24,25,26,26,28,29,30,31,32,34,34,37,37,37,39,44,46,49,52,54,56,61,64,65,66,66,67,68,69,74,75,75,76,77,78,82,84,86,88,90,91,92,93,93,93,93,93,94,96,96,97,98,98,100,102,102,102,102,102,102,103,103,104,104,104,104,105,107,107,109,110,112,112,112,112,112,114,114,114,116,116,116,116,116,116,116,117,117,117,117,117,103,116,117,117,117
"JACKSON",0,0,0,0,0,0,0,0,0,0,0,0,0,0,0,0,0,0,0,0,0,0,0,0,0,0,0,0,0,0,0,0,0,0,0,0,0,0,0,0,0,0,0,0,0,0,0,0,0,0,0,0,0,0,0,0,0,0,0,0,0,0,0,0,0,0,0,0,0,0,0,0,0,0,0,0,0,0,0,0,0,0,0,0,0,0,0,0,0,0,0,0,0,0,0,0,0,0,0,0,0,0,0,0,0,0,0,0,0,0,0,0,0,0,0,0,0,0,0,0,0,0,0,0,0,0,0,0,0,0,0,0,0,0,0,0,0,0,0,0,0,0,0,0,0,0,0,0,0,0,0,0,0,0,0,0,0,0,0,0,0,0,0,0,0,0,0,0,0,0,0,0,0,0,0,0,0,0,0,0,0,0,0,0,0,0,0,0,0,0,0,0,0,0,0,0,0,0,0,0,0,0,0,0,0,0,0,0,0,0,0,0,0,0,1,1,1,1,1,2,2,2,2,2,2,2,2,2,2,2,2,2,2,2,3,3,3,5,5,6,6,6,6,6,6,7,7,7,7,7,7,7,7,7,7,7,7,7,7,7,7,7,7,7,7,7,7,7,7,7,7,7,7,8,9,10,10,10,10,10,10,10,10,10,10,11,11,11,11,12,12,12,12,13,13,13,13,13,13,13,13,14,14,14,14,14,14,14,14,14,14,14,15,15,15,17,17,17,17,17,17,18,19,21,21,21,21,23,24,29,33,34,35,35,36,36,36,36,37,37,38,39,39,40,40,41,42,43,46,47,47,47,47,47,47,47,47,47,47,47,47,48,48,48,48,49,49,49,49,49,49,49,49,49,49,49,50,51,51,52,52,52,52,52,52,53,53,53,53,53,53,53,53,54,53,53,53,53
"JEFFERSON",0,0,0,0,0,0,0,0,0,0,0,0,0,0,0,0,0,0,0,0,0,0,0,0,0,0,0,0,0,0,0,0,0,0,0,0,0,0,0,0,0,0,0,0,0,0,0,0,0,0,0,0,0,0,0,0,0,0,0,0,0,0,0,0,0,0,0,0,0,0,0,0,0,0,0,0,0,0,0,0,0,0,0,0,0,0,0,0,0,1,1,1,1,1,1,1,1,1,1,1,1,1,1,1,2,2,2,2,2,2,2,2,2,2,2,2,2,2,2,2,2,2,2,2,2,2,2,2,2,2,2,2,2,2,2,2,2,2,2,2,2,2,2,2,2,2,2,2,2,2,2,2,2,2,2,2,2,2,2,2,2,2,2,2,2,2,2,2,2,2,2,2,2,2,2,2,2,3,3,3,3,3,3,3,3,3,3,3,3,3,3,3,3,3,4,4,4,4,4,4,4,4,4,4,4,4,4,4,4,4,4,4,5,5,5,5,5,5,5,5,5,5,5,5,5,5,5,5,5,5,5,5,5,5,5,5,5,5,5,5,5,5,5,5,5,5,5,5,5,5,5,5,5,5,5,5,5,5,5,5,5,5,5,5,5,5,5,6,6,6,6,6,6,6,6,6,6,6,6,6,6,6,6,6,6,6,6,6,6,6,6,6,6,6,6,7,7,7,9,11,11,11,11,11,13,15,16,18,19,20,20,22,22,25,28,30,33,35,38,42,45,45,46,46,48,48,49,52,54,58,60,62,64,66,67,69,69,70,71,74,75,77,80,80,80,81,83,83,83,84,85,88,89,90,91,92,93,93,93,94,94,95,97,97,98,98,99,100,102,102,103,103,103,104,104,104,104,105,105,105,105,105,105,105,105,105,105,105,105,105,105,105,105,105,105,105,105,105
"KNOX",0,0,0,0,0,0,0,0,0,0,0,0,0,0,0,0,0,0,0,0,0,0,0,0,0,0,0,0,0,0,0,0,0,0,0,0,0,0,0,0,0,0,0,0,0,0,0,0,0,0,0,0,0,0,0,0,0,0,0,0,0,0,0,0,0,0,0,0,0,0,1,1,1,1,1,1,1,1,1,1,1,1,1,1,1,1,1,1,1,1,1,1,1,1,1,1,1,1,1,1,1,1,1,1,1,1,1,1,1,1,1,1,1,1,1,1,1,1,1,1,1,1,1,1,1,1,1,1,1,1,1,1,1,1,1,1,1,1,1,1,1,1,1,1,1,1,1,1,1,1,1,1,1,1,1,1,1,1,1,1,1,1,1,1,1,1,1,1,1,1,1,1,1,1,1,1,1,1,2,2,2,2,2,2,2,2,2,2,2,4,4,5,5,5,7,7,7,7,8,8,9,10,10,11,11,13,14,14,14,15,15,15,15,15,15,15,15,15,15,15,15,15,15,15,15,15,15,15,15,15,15,15,15,15,15,15,15,15,15,15,15,15,15,15,15,15,15,15,16,16,16,16,16,17,17,17,17,17,17,18,18,18,18,18,18,18,18,18,18,18,18,18,18,18,18,18,18,18,19,20,20,21,21,21,21,21,21,22,22,23,23,24,24,24,25,25,25,25,27,29,30,31,31,31,32,32,34,35,35,35,37,38,41,42,45,47,48,49,50,52,54,55,56,56,57,57,57,57,57,57,59,59,60,60,60,60,61,62,64,65,66,67,70,71,72,73,74,74,76,77,77,77,77,77,77,77,77,77,77,77,77,77,77,77,77,77,77,77,77,78,78,78,78,78,78,78,78,78,78,78,78,78,79,79,79,79,79,79,79,79,79,79,79,81,79,79,81,83
"LAKE",0,0,0,0,0,0,0,0,0,0,0,0,0,0,0,0,0,0,0,0,0,0,0,0,0,0,0,0,0,0,0,0,0,0,0,0,0,0,0,0,0,0,0,0,0,0,0,0,0,0,0,0,0,0,0,0,0,0,0,0,0,0,0,0,0,0,1,1,1,2,3,3,3,3,3,5,5,5,6,6,6,6,6,6,6,6,7,7,7,7,7,7,7,7,7,7,7,7,7,8,8,8,8,8,8,8,8,8,8,8,8,8,8,10,11,12,12,12,12,12,12,12,13,13,14,14,14,14,14,14,14,14,14,14,14,14,14,14,14,15,15,16,16,16,16,16,16,16,16,16,16,16,16,16,16,16,16,16,16,16,17,17,17,17,18,19,19,19,20,20,21,21,21,21,21,22,23,24,25,25,25,25,28,29,29,30,30,32,32,34,35,35,35,37,37,38,39,40,42,42,42,42,42,42,42,43,43,44,44,44,44,44,44,44,45,45,45,45,45,45,45,45,45,46,46,47,47,47,50,50,50,51,51,52,53,53,53,53,53,54,56,56,57,57,57,58,59,59,60,60,61,63,64,65,65,65,65,65,67,67,68,70,70,70,71,71,71,71,71,71,71,71,71,71,71,71,72,72,72,72,72,72,72,72,74,74,74,76,77,78,79,80,81,81,82,84,86,86,86,90,92,96,97,102,103,105,110,112,117,123,126,130,133,137,146,151,155,162,166,170,173,176,181,184,189,193,198,203,206,208,211,216,223,227,230,230,231,233,235,239,243,247,248,251,253,254,257,260,262,265,267,269,271,272,275,275,276,277,277,277,277,278,280,281,281,281,283,284,284,284,284,286,288,289,290,290,290,291,292,293,294,294,295,295,295,295,295,295,295,295,295,295,295,294,294,295,299,300
"LAWRENCE",0,0,0,0,0,0,0,0,0,0,0,0,0,0,0,0,0,0,0,0,0,0,0,0,0,0,0,0,0,0,0,0,0,0,0,0,0,0,0,0,0,0,0,0,0,0,0,0,0,0,0,0,0,0,0,0,0,0,0,0,0,0,0,0,0,0,0,0,0,0,0,0,0,0,0,0,0,0,0,0,0,0,0,0,0,0,0,0,0,0,0,0,0,0,0,0,0,0,0,0,0,0,0,0,0,0,0,0,0,0,0,0,0,0,0,0,0,0,0,0,0,0,0,0,0,0,0,0,0,0,0,0,0,0,0,0,0,0,0,0,0,0,0,0,0,0,0,0,0,0,0,0,0,0,0,0,0,0,0,0,0,0,0,0,0,0,0,0,0,0,0,0,0,0,0,0,0,0,0,0,0,0,0,0,0,0,0,0,0,0,0,0,0,0,0,0,0,0,1,1,1,2,2,3,5,6,6,7,8,9,9,10,12,15,15,15,15,15,16,16,16,16,16,16,16,17,17,17,18,19,19,19,19,19,19,20,21,21,21,21,22,23,23,23,23,23,23,23,23,23,23,23,23,23,23,23,23,23,24,24,24,25,25,25,26,26,26,26,26,27,27,27,27,27,28,28,28,28,28,29,29,30,31,32,33,33,33,33,34,34,35,35,35,35,37,37,38,38,39,39,39,41,41,43,43,43,43,44,45,45,45,45,45,47,47,47,47,47,47,47,47,47,48,48,48,48,48,48,50,50,50,51,51,51,52,52,52,52,52,52,52,52,52,53,53,54,54,54,54,54,54,54,54,55,55,55,56,57,58,59,59,61,63,63,63,64,64,64,64,64,64,65,65,65,65,66,66,66,66,66,68,68,68,68,69,70,70,70,71,72,73,74,74,73,74,74,74,74
"LICKING",0,0,0,0,0,0,0,0,0,0,0,0,0,0,0,0,0,0,0,0,0,0,0,0,0,0,0,0,0,0,0,0,0,0,0,0,0,0,0,0,0,0,0,0,0,0,0,0,0,0,0,0,0,0,0,0,0,0,0,0,0,0,0,0,0,0,0,0,0,0,1,1,2,3,4,4,4,4,4,4,4,4,4,4,5,5,5,5,5,5,5,5,5,5,5,6,6,6,6,7,7,7,7,8,8,8,8,8,8,8,8,8,8,8,8,8,9,10,10,10,10,10,10,10,10,10,10,10,10,10,10,10,10,10,10,10,11,11,11,11,11,11,11,11,11,11,11,11,11,11,11,11,11,11,11,11,11,11,11,11,12,12,12,12,12,12,12,12,12,12,12,14,14,14,15,16,17,18,19,20,23,23,25,29,30,34,35,38,42,44,46,46,47,48,49,52,53,53,53,54,55,56,56,56,56,56,56,56,56,57,57,58,58,58,58,58,59,59,59,59,59,59,59,59,60,60,61,61,61,61,61,61,61,61,61,62,63,64,64,65,65,65,66,66,66,66,66,66,66,66,66,66,66,66,66,66,66,66,66,66,67,67,67,68,68,69,69,69,70,70,71,71,72,73,73,73,73,74,74,74,74,74,74,74,75,76,76,77,77,77,78,80,80,80,80,84,86,86,88,88,88,90,91,95,96,96,97,99,100,100,100,102,104,105,108,109,113,114,115,115,118,118,122,123,126,128,130,130,132,134,135,136,137,138,139,140,141,144,148,149,151,155,157,159,161,162,163,166,167,167,167,167,169,171,171,172,172,173,174,174,176,176,177,178,180,180,180,181,181,181,181,181,181,181,181,181,181,182,182,184,184,184,185,185,185,185,185,185,185,185,185,185,185,185,185,185,187,187
"LOGAN",0,0,0,0,0,0,0,0,0,0,0,0,0,0,0,0,0,0,0,0,0,0,0,0,0,0,0,0,0,0,0,0,0,0,0,0,0,0,0,0,0,0,0,0,0,0,0,0,0,0,0,0,0,0,0,0,0,0,0,0,0,0,0,0,0,0,0,0,0,0,0,0,0,0,0,0,0,0,0,0,0,0,0,0,0,0,0,0,0,0,0,0,0,0,0,0,0,0,0,0,0,0,0,0,0,0,0,0,0,0,0,0,0,0,0,0,0,0,0,0,0,0,0,0,0,0,0,0,0,0,0,0,0,0,0,0,0,0,0,0,0,0,0,0,0,0,0,1,1,1,1,1,1,1,1,1,1,1,1,1,1,1,1,1,1,1,1,1,1,1,1,1,1,1,1,1,1,1,1,1,1,1,1,1,1,1,1,1,1,1,2,2,2,2,2,2,2,2,2,2,2,2,2,2,2,2,2,2,2,2,2,2,2,2,2,2,2,2,2,2,2,2,2,2,2,2,2,2,3,3,3,3,3,3,3,3,3,3,3,3,3,3,3,3,3,3,3,3,3,3,3,3,3,3,3,3,3,3,3,3,3,3,3,3,3,3,3,3,3,3,3,3,3,3,3,3,3,3,3,3,3,3,3,3,3,3,5,6,7,9,10,11,13,15,15,16,17,19,19,20,20,20,23,24,24,26,28,28,28,28,28,28,28,28,28,28,28,28,28,28,28,28,28,28,30,31,31,33,34,35,35,35,36,36,37,38,39,39,40,40,41,41,41,41,41,41,41,42,42,42,42,42,42,42,42,45,45,47,48,49,49,49,49,49,50,50,50,52,52,53,55,55,55,55,55,55,55,55,55,55,55,55,56,56,56,56,56,56,56,56,56,56,56,56,56,56,56,56
"LORAIN",0,0,0,0,0,0,0,0,0,0,0,0,0,0,0,0,0,0,0,0,0,0,0,0,0,0,0,0,0,0,0,0,0,0,0,0,0,0,0,0,0,0,0,0,0,0,0,0,0,0,0,0,0,0,0,0,0,0,0,0,0,0,0,0,0,0,0,0,2,2,2,2,2,3,4,5,6,6,6,6,6,8,8,12,17,18,18,18,20,22,23,25,25,30,31,33,34,36,37,37,39,41,42,42,43,46,48,50,51,52,53,53,55,55,55,57,57,58,58,58,58,58,58,58,58,59,59,59,59,59,59,59,59,59,61,62,62,62,62,62,62,62,63,63,63,63,63,63,63,64,64,64,64,64,64,64,64,64,64,65,65,65,65,66,66,66,67,68,68,68,69,69,69,69,69,69,69,71,71,71,72,72,72,72,72,73,73,73,74,74,74,74,74,75,75,75,75,75,75,75,76,76,76,77,78,78,78,78,78,78,78,78,79,80,81,82,82,82,82,82,83,83,83,83,84,84,85,85,86,86,86,86,86,86,86,87,87,87,87,87,87,87,87,87,87,87,87,88,88,88,88,88,88,88,88,88,88,88,88,88,88,88,88,88,88,88,89,89,89,89,89,89,89,90,91,91,93,94,96,98,98,99,99,100,101,103,103,105,106,106,106,108,111,113,115,118,120,121,123,124,127,132,133,136,143,148,150,155,156,162,166,170,174,179,181,182,186,189,194,197,201,206,211,218,221,225,230,232,234,236,248,252,254,258,267,279,283,286,292,295,300,306,310,313,317,321,326,327,332,335,337,338,340,342,343,344,347,349,350,351,352,353,355,357,358,360,364,366,367,369,370,371,371,371,371,371,372,372,372,373,373,374,374,375,376,377,378,379,379,380,380,380,380,374,379,380,381,382
"LUCAS",0,0,0,0,0,0,0,0,0,0,0,0,0,0,0,0,0,0,0,0,0,0,0,0,0,0,0,0,0,0,0,0,0,0,0,0,0,0,0,0,0,0,0,0,0,0,0,0,0,0,0,0,0,0,0,0,0,0,1,1,1,1,1,2,2,2,2,2,3,3,7,9,12,14,16,20,22,25,30,32,36,39,43,47,52,56,67,72,78,83,90,96,101,108,112,119,123,133,139,142,148,154,168,174,179,185,192,193,199,201,203,206,213,219,223,230,233,238,241,242,247,251,255,255,259,262,264,268,268,268,268,270,273,273,275,276,278,279,282,284,284,286,289,290,290,290,290,290,290,291,293,293,293,294,294,295,296,297,297,298,299,299,299,299,299,300,301,301,301,302,302,303,304,305,305,305,306,306,307,310,310,310,312,314,314,314,314,314,316,320,320,322,323,323,323,324,328,328,329,331,331,331,335,337,337,339,340,340,341,342,345,346,349,350,351,351,353,353,353,354,356,358,358,358,358,359,359,360,361,362,363,364,365,368,370,370,371,371,371,372,372,372,373,374,376,377,377,380,380,381,381,382,383,383,383,383,383,383,383,383,384,384,385,386,388,389,389,389,390,391,392,395,395,395,396,397,397,399,399,403,405,405,405,406,406,406,408,411,415,416,417,421,422,424,425,425,427,427,427,428,430,432,435,437,437,442,445,448,452,455,459,463,465,471,473,474,484,488,495,499,505,508,518,529,533,540,548,552,562,567,571,577,582,587,590,593,598,600,605,613,618,623,629,635,639,642,646,650,652,653,654,656,661,665,668,672,677,684,687,692,693,694,701,704,705,709,714,715,721,724,724,726,727,727,728,732,735,738,740,741,742,744,745,748,750,750,751,751,752,752,752,752,752,748,749,752,753,753
"MADISON",0,0,0,0,0,0,0,0,0,0,0,0,0,0,0,0,0,0,0,0,0,0,0,0,0,0,0,0,0,0,0,0,0,0,0,0,0,0,0,0,0,0,0,0,0,0,0,0,0,0,0,0,0,0,0,0,0,0,0,0,0,0,0,0,0,0,0,0,0,0,2,2,2,2,2,2,2,2,2,3,3,3,3,3,3,3,3,3,3,3,4,4,4,4,4,4,4,4,4,4,4,4,4,4,4,4,4,4,4,4,5,5,6,6,6,6,6,7,7,7,7,7,7,7,7,7,7,7,7,7,7,7,7,7,7,7,7,7,7,7,7,7,7,7,7,8,8,8,8,8,8,8,8,8,8,8,8,8,8,8,8,8,8,8,8,9,9,9,9,9,9,9,9,9,9,9,9,9,9,9,9,9,9,9,9,9,9,10,10,10,10,10,10,10,10,10,10,10,10,10,10,10,10,10,10,10,10,10,11,11,11,11,11,11,11,11,12,12,12,12,12,12,12,12,12,12,12,12,12,12,13,13,13,14,14,14,14,14,14,14,15,15,15,15,15,15,15,15,15,15,15,15,15,16,16,16,16,16,16,16,16,16,16,16,16,16,16,16,16,16,16,16,16,16,16,16,16,16,16,17,17,17,17,17,18,19,19,19,19,20,20,20,20,20,20,20,20,20,20,20,20,20,20,20,20,20,21,21,21,21,21,22,22,24,24,24,24,24,24,24,27,27,27,28,29,30,30,32,32,32,32,33,33,34,35,36,36,38,39,40,40,41,42,42,42,43,43,43,43,43,43,43,44,44,44,45,45,45,45,46,46,46,46,46,46,46,47,47,47,47,47,47,47,47,47,47,47,47,47,47,47,47,47,47,47,47,47,47,47,47,47,47,47,47,47,47,47,47
"MAHONING",0,0,0,0,0,0,0,0,0,0,0,0,0,0,0,0,0,0,0,0,0,0,0,0,0,0,0,0,0,0,0,0,0,0,0,0,0,0,0,0,0,0,0,0,0,0,0,0,0,0,0,0,0,0,0,0,0,0,0,0,0,0,0,0,1,2,2,2,4,9,15,18,20,23,28,29,33,35,37,40,41,42,44,49,54,57,60,68,73,77,79,81,87,89,92,94,97,101,103,108,110,115,119,123,130,132,135,138,144,153,157,163,167,171,179,183,185,189,190,191,193,195,199,201,201,202,205,205,208,209,212,216,216,216,216,217,218,219,221,222,223,223,226,228,231,231,231,231,232,232,232,232,232,232,232,233,234,234,234,237,237,237,237,238,238,238,238,238,240,240,241,242,243,243,243,243,243,244,248,250,251,253,253,254,254,254,255,256,257,257,259,259,259,260,260,261,261,261,262,262,264,265,265,267,268,269,270,270,270,271,272,273,273,273,273,273,275,275,275,276,276,276,276,276,276,276,276,276,276,276,276,277,278,278,278,279,280,280,281,281,281,281,281,281,281,281,281,282,282,282,282,283,285,286,286,286,286,286,287,289,290,291,293,293,293,294,296,298,298,299,300,302,304,305,305,306,306,308,309,310,310,311,312,312,313,313,313,313,314,314,315,317,321,322,323,324,326,330,330,331,333,333,334,338,340,345,348,352,353,356,363,370,371,379,380,383,387,392,396,403,405,412,418,421,425,426,429,435,439,443,447,452,455,462,466,473,476,479,481,484,488,496,498,501,505,508,512,514,517,520,521,521,521,521,522,522,524,524,525,525,526,526,527,527,528,528,529,529,529,529,529,529,529,529,529,529,529,529,529,529,530,530,530,530,530,530,530,530,530,530,530,530,530,530,528,530,531,532
"MARION",0,0,0,0,0,0,0,0,0,0,0,0,0,0,0,0,0,0,0,0,0,0,0,0,0,0,0,0,0,0,0,0,0,0,0,0,0,0,0,0,0,0,0,0,0,0,0,0,0,0,0,0,0,0,0,0,0,0,0,0,0,0,0,0,0,0,0,0,0,0,0,0,0,0,0,0,0,0,0,0,0,0,0,0,1,1,1,1,1,2,3,4,6,6,6,6,7,8,8,8,10,11,12,12,12,13,13,14,14,14,14,14,15,15,15,16,17,17,18,19,21,21,21,21,24,25,27,27,27,27,29,29,30,32,32,32,32,32,32,32,32,32,32,32,32,32,34,34,34,35,35,35,35,36,36,36,36,37,38,38,38,38,38,38,38,38,38,39,39,39,39,39,39,39,39,39,39,39,39,39,39,40,41,41,41,42,42,42,42,43,44,44,44,44,44,44,44,44,44,44,44,44,44,44,44,44,44,44,44,44,45,46,46,46,46,46,46,46,46,46,46,46,46,46,46,46,46,46,46,46,46,46,46,46,46,46,46,46,46,46,46,46,46,46,46,46,46,46,46,46,46,47,47,47,47,47,47,47,47,47,47,47,47,48,48,48,48,48,49,49,49,49,49,49,49,49,49,49,50,50,50,50,50,50,50,50,50,50,50,50,52,52,52,53,54,55,55,56,56,57,57,57,59,59,60,62,62,62,62,63,66,66,68,70,72,72,72,74,74,76,77,78,79,84,87,91,92,93,94,98,99,101,103,106,108,110,112,114,114,114,116,116,118,123,125,126,128,128,129,130,130,130,131,131,131,131,131,132,132,133,133,133,133,133,133,133,133,133,133,133,133,133,133,133,133,133,133,133,133,133,133,133,133,133,133,133,133,133,133,133,133,133,133,132,133,133,133,134
"MEDINA",0,0,0,0,0,0,0,0,0,0,0,0,0,0,0,0,0,0,0,0,0,0,0,0,0,0,0,0,0,0,0,0,0,0,0,0,0,0,0,0,0,0,0,0,0,0,0,0,0,0,0,0,0,0,0,0,0,0,0,0,0,0,0,0,0,0,0,1,1,1,1,1,2,2,3,3,5,6,7,7,7,9,10,10,10,10,11,11,11,11,11,13,13,13,14,14,14,14,15,15,15,16,16,16,16,17,17,17,17,17,17,17,18,18,18,18,18,18,18,18,18,19,20,22,22,23,23,23,23,23,24,24,24,25,25,26,26,26,28,29,29,30,30,30,30,30,30,30,30,30,30,30,30,30,30,30,31,31,31,31,31,31,31,31,31,31,31,31,31,31,31,31,31,31,31,31,31,31,31,31,32,32,32,32,32,32,32,32,32,32,32,32,33,33,34,35,35,35,35,35,35,35,35,35,35,35,35,35,35,35,35,35,35,35,35,36,36,36,36,36,36,36,37,37,37,37,37,38,38,38,38,38,38,38,39,39,39,39,39,39,39,39,39,39,39,39,39,40,41,41,41,41,41,41,41,41,41,41,41,41,41,41,42,43,43,43,43,43,44,45,45,45,45,46,46,46,47,47,48,48,48,50,51,52,53,53,53,55,56,56,57,57,57,59,60,62,62,64,64,65,65,66,68,68,69,70,71,72,73,73,73,73,74,75,77,78,81,84,88,91,92,95,100,109,110,116,122,127,129,131,133,137,139,140,141,146,150,152,154,155,160,165,168,171,176,179,182,189,191,191,192,193,194,194,194,195,196,196,196,196,197,199,200,201,201,201,201,201,202,207,207,207,207,207,211,211,211,211,213,214,214,214,214,214,215,216,216,216,216,216,216,216,216,214,216,216,217,217
"MEIGS",0,0,0,0,0,0,0,0,0,0,0,0,0,0,0,0,0,0,0,0,0,0,0,0,0,0,0,0,0,0,0,0,0,0,0,0,0,0,0,0,0,0,0,0,0,0,0,0,0,0,0,0,0,0,0,0,0,0,0,0,0,0,0,0,0,0,0,0,0,0,0,0,0,0,0,0,0,0,0,0,0,0,0,0,0,0,0,0,0,0,0,0,0,0,0,0,0,0,0,0,0,0,0,0,0,0,0,0,0,0,0,0,0,0,0,0,0,0,0,0,0,0,0,0,0,0,0,0,0,0,0,0,0,0,0,0,0,0,0,0,0,0,0,0,0,0,0,0,0,0,0,0,0,0,0,0,0,0,0,0,0,0,0,0,0,0,0,0,0,0,0,0,0,0,0,0,0,0,0,0,0,0,0,0,0,0,0,0,0,0,0,0,0,0,0,0,0,0,0,0,0,0,2,2,2,2,2,2,2,2,2,2,2,2,2,2,2,3,4,6,6,6,6,8,8,8,8,8,8,9,10,11,11,11,11,11,11,12,12,12,13,14,14,14,14,14,14,14,14,14,14,14,14,14,14,14,14,14,14,14,14,14,14,14,14,14,14,14,14,14,14,14,14,14,14,14,14,14,14,14,14,14,14,14,14,14,14,14,14,14,14,14,14,14,14,14,14,14,14,14,14,14,14,14,14,14,14,14,14,14,14,14,15,16,16,18,18,18,18,18,18,18,18,19,19,19,19,20,20,20,20,20,20,20,20,21,22,22,22,22,24,24,24,24,24,24,24,25,25,25,26,27,27,27,27,28,28,30,30,30,30,30,30,30,30,30,31,31,31,32,34,34,34,34,34,36,36,36,36,36,36,36,36,36,36,36,36,36,36,36,36,36,36,32,36,36,36,36
"MERCER",0,0,0,0,0,0,0,0,0,0,0,0,0,0,0,0,0,0,0,0,0,0,0,0,0,0,0,0,0,0,0,0,0,0,0,0,0,0,0,0,0,0,0,0,0,0,0,0,0,0,0,0,0,0,0,0,0,0,0,0,0,0,0,0,0,0,0,0,0,0,0,0,1,1,1,1,1,1,1,1,1,1,1,1,1,1,1,1,1,1,1,1,1,1,1,1,1,1,1,1,1,1,1,1,1,1,1,1,1,1,1,1,1,1,1,2,2,2,2,3,3,3,4,4,6,6,7,7,7,8,8,8,8,8,8,8,8,8,8,8,8,8,8,8,8,8,8,8,8,8,8,8,8,8,8,9,9,10,10,10,10,10,10,10,10,10,10,10,11,11,11,11,11,11,11,11,11,11,11,11,11,11,11,12,13,13,13,13,13,13,13,13,13,13,13,13,13,13,14,14,14,14,14,14,14,14,14,14,14,14,14,15,15,17,17,17,17,17,17,17,17,17,18,18,18,18,18,18,18,18,18,18,18,18,18,18,18,18,18,18,18,18,18,19,19,19,19,19,19,19,20,21,23,23,24,25,26,26,27,27,28,28,28,28,28,28,28,28,28,28,28,28,28,28,28,29,30,30,30,30,32,32,33,33,33,33,34,34,35,35,36,36,36,38,39,41,41,41,42,42,43,45,47,51,52,53,56,57,58,58,61,64,65,67,68,69,70,71,72,74,74,77,77,77,78,79,81,81,81,81,81,82,82,85,88,88,90,91,91,91,91,91,91,91,91,91,91,91,91,91,92,92,92,93,93,93,93,95,95,95,95,95,96,96,96,97,97,97,97,97,97,97,97,98,98,98,99,100,101,101,101,101,101,101,101,101,101,101,101,101,101,101,101,100,100,101,101,101
"MIAMI",0,0,0,0,0,0,0,0,0,0,0,0,0,0,0,0,0,0,0,0,0,0,0,0,0,0,0,0,0,0,0,0,0,0,0,0,0,0,0,0,0,0,0,0,0,0,0,0,0,0,0,0,0,0,0,0,0,0,1,1,0,0,0,1,2,4,4,5,5,6,12,12,14,14,16,17,17,18,18,19,19,20,24,24,24,24,24,24,25,27,27,27,28,28,28,28,28,28,28,28,28,28,28,28,28,28,28,29,29,29,29,30,30,30,30,30,30,30,30,30,30,30,30,30,30,30,30,30,30,30,30,30,30,30,30,30,30,30,30,30,30,30,30,30,30,30,30,30,30,30,30,30,30,30,30,30,31,31,31,31,31,31,31,31,31,31,31,31,31,31,31,31,31,32,32,32,32,32,32,33,33,33,34,34,35,35,35,36,36,36,37,37,37,37,37,37,37,38,38,38,39,39,39,39,40,41,42,42,42,43,43,43,43,43,43,44,44,45,45,45,45,48,49,50,50,50,50,50,50,50,50,50,50,51,51,51,51,51,51,51,52,53,53,53,53,55,56,56,56,57,58,59,59,60,60,61,61,61,61,62,62,63,63,64,66,67,67,68,68,68,68,68,68,68,68,69,69,69,70,71,71,71,71,71,71,71,71,71,73,74,75,75,75,76,76,76,76,77,77,77,77,77,78,78,78,79,80,80,82,84,84,87,87,88,88,92,94,96,97,97,98,99,102,104,104,105,105,106,108,109,111,112,113,115,115,115,117,118,122,124,127,131,131,131,132,134,138,138,140,140,140,140,140,140,141,142,145,146,146,148,151,151,153,156,158,159,159,161,161,163,164,164,164,164,166,166,168,171,171,173,174,174,174,175,175,175,175,175,175,175,176,176,177,177,177,177,177,178
"MONROE",0,0,0,0,0,0,0,0,0,0,0,0,0,0,0,0,0,0,0,0,0,0,0,0,0,0,0,0,0,0,0,0,0,0,0,0,0,0,0,0,0,0,0,0,0,0,0,0,0,0,0,0,0,0,0,0,0,0,0,0,0,0,0,0,0,0,0,0,0,0,0,0,0,0,0,0,0,0,0,0,0,0,0,0,0,0,0,0,0,0,0,0,0,0,0,0,0,0,0,0,0,0,0,0,0,0,0,0,0,0,0,0,0,1,2,3,3,5,5,6,8,11,12,12,12,12,12,12,12,14,14,14,14,15,15,15,15,15,15,15,16,16,17,17,17,17,17,17,17,17,17,17,17,17,17,17,17,17,17,17,17,17,17,17,17,17,17,17,17,17,17,17,17,17,17,17,17,17,17,17,17,17,17,17,17,17,17,17,17,17,18,18,18,18,18,18,18,18,18,18,18,18,18,18,18,18,18,18,18,18,18,18,18,18,18,18,18,18,18,18,18,18,18,18,18,18,18,18,18,18,18,18,18,18,18,18,18,18,18,18,18,18,18,18,18,18,18,18,18,18,18,18,18,18,18,18,18,18,18,18,18,18,18,18,18,18,18,18,18,18,18,18,18,18,18,18,18,18,18,18,18,18,18,18,18,18,19,19,19,19,19,19,19,19,19,19,19,19,19,20,20,20,20,21,21,21,21,21,21,21,21,21,21,22,22,22,22,23,23,23,23,23,23,23,23,23,23,23,24,24,25,25,25,25,25,25,25,25,25,25,25,25,25,25,25,25,25,25,26,27,27,27,28,28,28,28,28,28,28,29,30,30,31,31,32,33,33,33,33,34,34,35,35,35,35,36,36,36,36,36,36,37,37,37,37,37,37,37,37,37,37,37,37,37,37,37,37,37
"MONTGOMERY",0,0,0,0,0,0,0,0,0,0,0,0,0,0,0,0,0,0,0,0,0,0,0,0,0,0,0,0,0,0,0,0,0,0,0,0,0,0,0,0,0,0,0,0,0,0,0,0,0,0,0,0,0,0,0,0,0,0,0,0,0,0,0,0,0,0,0,0,1,1,2,2,4,4,5,5,5,6,6,6,6,8,8,8,8,8,9,9,9,9,9,9,9,9,9,9,9,9,9,9,9,9,9,9,9,9,9,9,9,10,10,10,10,10,10,10,10,10,11,11,11,11,11,12,12,12,12,12,12,12,12,12,12,12,14,14,14,14,14,14,14,14,14,15,15,15,15,16,18,18,18,18,19,19,19,19,19,20,23,23,24,24,24,25,28,31,31,31,31,35,36,38,41,44,45,46,47,47,49,54,56,58,61,63,64,69,71,73,78,81,83,89,90,92,93,96,99,102,104,106,109,110,111,112,116,118,118,119,119,119,119,120,122,125,129,129,131,131,133,135,135,135,140,144,144,145,146,146,147,147,150,150,151,152,155,155,156,156,157,159,162,162,163,168,170,174,176,177,178,182,183,184,185,187,187,189,189,193,193,194,196,197,198,199,203,205,207,208,210,212,215,219,222,225,226,229,231,233,234,235,238,240,245,248,252,256,263,266,267,270,278,286,292,297,302,308,315,319,325,331,339,342,353,366,372,382,393,403,405,412,423,435,455,466,475,488,496,510,517,523,532,546,554,563,581,589,594,608,614,627,633,639,649,656,665,678,683,685,693,707,712,716,723,731,739,745,748,755,761,765,770,773,774,777,782,787,789,792,796,798,800,801,807,809,810,812,812,814,817,818,820,822,825,829,830,833,835,838,838,844,845,846,847,849,849,849,849,849,852,852,852,854,856,855,854,856,859,865
"MORGAN",0,0,0,0,0,0,0,0,0,0,0,0,0,0,0,0,0,0,0,0,0,0,0,0,0,0,0,0,0,0,0,0,0,0,0,0,0,0,0,0,0,0,0,0,0,0,0,0,0,0,0,0,0,0,0,0,0,0,0,0,0,0,0,0,0,0,0,0,0,0,0,0,0,0,0,0,0,0,0,0,0,0,0,0,0,0,0,0,0,0,0,0,0,0,0,0,0,0,0,0,0,0,0,0,0,0,0,0,0,0,0,0,0,0,0,0,0,0,0,0,0,0,0,0,0,0,0,0,0,0,0,0,0,0,0,0,0,0,0,0,0,0,0,0,0,0,0,0,0,0,0,0,0,0,0,0,0,0,0,0,0,0,0,0,0,0,0,0,0,0,0,0,0,0,0,0,0,0,0,0,0,0,0,0,0,0,0,0,0,0,0,0,0,0,0,0,0,0,0,0,0,0,0,0,0,0,0,0,0,0,0,0,0,0,0,0,0,0,0,0,0,0,0,0,0,0,0,0,0,0,0,0,0,0,0,0,0,0,0,0,0,0,0,0,0,0,0,0,0,0,0,0,0,0,0,0,0,0,0,0,0,0,0,0,0,0,0,0,0,0,0,0,0,0,0,0,0,0,0,0,0,0,0,0,0,0,1,1,1,1,1,1,1,2,2,2,2,2,2,2,2,2,3,4,5,5,5,5,5,5,7,7,8,9,12,15,17,18,18,18,19,20,20,21,22,23,26,26,26,26,26,26,26,27,27,27,27,27,28,28,28,28,28,28,28,29,29,29,29,29,29,29,29,29,29,29,30,30,30,30,30,31,31,31,31,32,33,33,33,33,33,33,33,33,33,33,33,33,33,33,33,33,33,33,33,33,33,33,33,34,34,34,34,34,34,34,34,34
"MORROW",0,0,0,0,0,0,0,0,0,0,0,0,0,0,0,0,0,0,0,0,0,0,0,0,0,0,0,0,0,0,0,0,0,0,0,0,0,0,0,0,0,0,0,0,0,0,0,0,0,0,0,0,0,0,0,0,0,0,0,0,0,0,0,0,0,0,0,0,0,0,0,0,0,0,0,0,0,0,0,0,0,0,0,0,0,0,0,0,0,0,0,0,0,0,0,1,1,1,1,1,1,1,1,1,1,1,1,1,1,1,1,1,1,1,1,1,1,1,1,1,1,1,1,1,1,1,1,1,1,1,1,1,1,1,1,1,1,1,1,1,1,1,1,1,1,1,1,1,1,1,1,1,1,1,1,1,1,1,1,1,1,1,1,1,1,1,1,1,1,1,1,1,1,1,1,1,1,1,1,1,1,1,1,1,1,1,1,2,2,2,2,2,2,2,2,2,2,2,2,2,2,2,2,2,2,2,2,2,2,2,2,2,2,2,2,2,2,2,2,2,2,2,2,2,2,2,2,2,2,2,2,2,2,2,2,2,2,2,2,2,2,2,2,2,2,2,2,2,2,2,2,2,2,2,2,2,2,2,2,2,2,2,2,2,2,2,2,2,2,2,2,2,2,2,2,2,2,2,2,2,2,2,2,2,2,2,2,2,2,3,3,3,3,3,3,3,3,3,3,3,3,3,3,4,4,4,4,4,4,4,4,5,5,5,6,6,6,6,6,8,9,9,9,11,11,12,12,14,14,14,14,14,15,17,17,18,19,19,20,20,20,20,20,20,20,20,20,20,21,22,22,22,22,22,22,22,22,22,22,22,22,22,22,22,22,22,22,22,22,22,22,22,22,22,22,22,23,23,23,23,23,23,23,23,23,23,23,23,23,23,23,23,23,23,23,23,23,24
"MUSKINGUM",0,0,0,0,0,0,0,0,0,0,0,0,0,0,0,0,0,0,0,0,0,0,0,0,0,0,0,0,0,0,0,0,0,0,0,0,0,0,0,0,0,0,0,0,0,0,0,0,0,0,0,0,0,0,0,0,0,0,0,0,0,0,0,0,0,0,0,0,0,0,0,0,0,0,0,0,0,0,0,0,0,0,0,0,0,0,0,0,0,0,0,0,0,0,0,0,0,0,0,0,0,0,0,0,0,0,0,0,0,0,0,0,0,0,0,0,0,0,0,0,0,0,0,0,0,0,0,0,0,0,0,1,1,1,1,1,1,1,1,1,1,1,1,1,1,1,1,1,1,1,1,1,1,1,1,1,1,1,1,1,1,1,1,1,1,1,1,1,1,1,1,1,1,1,1,1,1,1,1,1,1,1,1,1,1,1,1,1,1,1,1,1,1,1,1,1,1,1,1,1,1,1,1,1,1,1,1,1,1,2,2,2,2,2,2,2,2,2,2,2,2,2,2,2,2,2,2,2,2,2,2,2,2,2,2,2,2,2,2,2,2,2,2,2,2,2,3,3,3,3,3,3,3,3,3,3,3,3,3,3,3,5,5,5,5,5,5,5,5,5,6,6,7,7,8,8,8,9,9,10,10,11,12,12,12,13,13,15,15,15,16,16,16,16,16,16,16,16,16,17,17,17,17,18,20,20,20,20,20,20,20,20,20,22,25,25,27,28,31,32,33,34,35,37,38,42,43,45,49,56,61,67,73,76,77,80,80,85,87,89,91,94,96,99,99,101,101,102,106,107,109,109,109,109,109,109,109,110,110,110,111,111,111,111,111,112,113,115,115,115,115,116,116,117,118,118,118,119,119,119,119,120,120,120,120,120,121,121,121,121,121,121,121,124,122,121,121,122
"NOBLE",0,0,0,0,0,0,0,0,0,0,0,0,0,0,0,0,0,0,0,0,0,0,0,0,0,0,0,0,0,0,0,0,0,0,0,0,0,0,0,0,0,0,0,0,0,0,0,0,0,0,0,0,0,0,0,0,0,0,0,0,0,0,0,0,0,0,0,0,0,0,0,0,0,0,0,0,0,0,0,0,0,0,0,0,0,0,0,0,0,0,0,0,0,0,0,0,0,0,0,0,0,0,0,0,0,0,0,0,0,0,0,0,0,0,0,0,0,0,0,0,0,0,0,0,0,0,0,0,0,0,0,0,0,0,0,0,0,0,0,0,0,0,0,0,0,0,0,0,0,0,0,0,0,0,0,0,0,0,0,0,0,0,0,0,0,0,0,0,0,0,0,0,0,0,0,0,0,0,0,0,0,0,0,0,0,0,0,0,0,0,0,0,0,0,0,0,0,0,0,0,0,0,0,0,0,0,0,0,0,0,0,0,0,0,0,0,0,0,0,0,0,0,0,0,0,0,0,0,0,0,0,0,0,0,0,0,0,0,0,0,0,0,0,0,0,0,0,0,0,0,0,0,0,0,0,0,0,0,0,0,0,0,0,0,0,0,0,0,0,0,0,0,0,0,0,0,0,0,0,0,0,2,2,2,4,4,4,5,7,8,8,8,12,14,16,17,20,20,21,22,23,24,25,25,27,27,27,27,29,29,29,29,29,31,34,34,34,34,34,34,34,34,34,34,34,34,34,34,34,35,35,35,35,36,36,36,36,36,36,36,37,37,37,37,37,37,37,37,37,38,39,40,40,40,40,40,40,40,40,40,40,40,41,41,41,41,41,41,41,41,41,41,41,41,41,41,41,41,41,41,41,41,41,41,41,41,41,41,41,41,42,42,42,42,42,42,42,42
"OTTAWA",0,0,0,0,0,0,0,0,0,0,0,0,0,0,0,0,0,0,0,0,0,0,0,0,0,0,0,0,0,0,0,0,0,0,0,0,0,0,0,0,0,0,0,0,0,0,0,0,0,0,0,0,0,0,0,0,0,0,0,0,0,0,0,0,0,0,0,0,0,0,0,0,0,0,0,0,0,0,0,0,0,0,0,0,0,0,0,0,0,0,0,0,0,0,0,0,0,0,0,2,2,2,2,2,2,2,2,2,2,3,3,4,4,4,4,5,5,5,6,6,7,9,11,11,12,12,12,13,16,16,17,17,17,18,19,20,20,20,20,21,21,21,21,22,22,22,22,22,22,22,23,23,23,23,23,23,23,23,23,23,23,23,23,23,24,24,24,24,24,24,24,24,24,24,24,24,24,24,24,25,25,25,25,25,25,25,25,25,25,25,25,25,26,27,27,27,28,28,28,28,28,28,28,28,29,29,29,29,29,29,29,29,29,29,30,30,30,30,30,30,30,30,30,30,30,30,30,30,30,30,30,30,30,30,30,30,30,30,30,30,30,30,30,30,30,30,30,30,30,30,30,30,30,30,30,30,30,30,30,30,30,30,30,30,30,30,30,30,30,30,30,30,30,30,30,30,30,30,30,30,30,30,30,30,30,30,30,30,30,30,30,30,30,31,31,31,31,31,31,31,31,31,31,32,32,32,32,32,32,32,33,33,34,36,36,36,36,36,38,39,39,39,39,39,39,40,42,42,43,45,45,46,46,50,50,50,50,50,50,51,51,52,52,52,52,54,54,55,55,57,57,57,57,57,58,58,58,58,58,58,58,58,58,58,58,59,59,59,60,60,61,62,63,63,63,63,64,65,65,66,66,66,66,66,67,67,67,67,67,67,67,67,67,66,66,67,67,67
"PAULDING",0,0,0,0,0,0,0,0,0,0,0,0,0,0,0,0,0,0,0,0,0,0,0,0,0,0,0,0,0,0,0,0,0,0,0,0,0,0,0,0,0,0,0,0,0,0,0,0,0,0,0,0,0,0,0,0,0,0,0,0,0,0,0,0,0,0,0,0,0,0,0,0,0,0,0,0,0,0,0,0,0,0,0,0,0,0,0,0,0,0,0,0,0,0,0,0,0,0,0,0,0,0,0,0,0,0,0,0,0,0,0,0,0,0,0,0,0,0,0,0,0,0,0,0,0,0,0,0,0,0,0,0,0,0,0,0,0,0,0,0,0,0,0,0,0,0,0,0,0,0,0,0,0,0,0,0,0,0,0,0,0,0,0,0,0,0,0,0,0,0,0,0,0,0,0,0,0,0,0,0,0,0,0,0,0,0,0,0,0,0,0,0,0,0,0,0,0,0,0,0,0,0,0,0,0,0,0,0,0,0,0,0,0,0,0,0,0,0,0,0,0,0,0,0,0,0,0,0,0,0,0,0,0,0,0,0,0,0,0,0,0,0,0,0,0,0,0,0,0,0,0,0,0,0,0,0,0,0,0,0,0,0,0,0,0,1,1,1,1,1,1,2,3,3,3,3,3,3,3,3,3,3,3,3,5,6,7,8,8,8,9,9,9,9,9,9,9,9,9,11,11,11,11,11,12,12,13,13,13,13,14,15,16,17,17,17,17,17,17,17,18,18,18,18,18,18,18,18,18,19,19,19,19,19,20,20,20,21,21,21,21,21,21,21,21,22,22,22,22,22,23,23,23,23,23,23,23,23,23,23,23,23,23,23,23,23,23,23,23,23,23,23,23,23,23,23,23,23,23,23,23,23,23,23,23,23,23,23,23,23,23,23,23,23,23,23,23,23
"PERRY",0,0,0,0,0,0,0,0,0,0,0,0,0,0,0,0,0,0,0,0,0,0,0,0,0,0,0,0,0,0,0,0,0,0,0,0,0,0,0,0,0,0,0,0,0,0,0,0,0,0,0,0,0,0,0,0,0,0,0,0,0,0,0,0,0,0,0,0,0,0,0,0,0,0,0,0,0,0,0,0,0,0,0,0,0,0,0,0,0,0,0,0,0,0,0,0,0,0,0,0,0,0,0,1,1,1,1,1,1,1,1,1,1,1,1,1,1,1,1,1,1,1,1,1,1,1,1,1,1,1,1,1,1,1,1,1,1,1,1,1,1,1,1,1,1,1,1,1,1,1,1,1,1,1,1,1,1,1,1,1,1,1,1,1,1,1,1,1,1,1,1,1,1,1,1,1,1,1,1,1,1,1,1,1,1,1,1,1,1,1,2,2,2,2,3,3,3,3,3,3,3,3,3,3,4,4,5,5,5,5,5,5,5,5,5,6,6,6,8,9,9,9,9,9,9,9,9,9,9,9,9,9,9,9,9,9,9,9,9,9,9,9,10,10,10,10,10,10,10,10,10,10,10,11,11,11,11,11,11,11,11,11,11,11,11,11,11,11,11,11,11,11,11,11,11,11,11,11,11,11,11,11,11,11,11,11,11,11,11,11,11,11,11,11,12,12,12,12,12,12,12,13,13,13,13,13,13,13,14,14,14,14,14,14,15,15,15,15,15,16,17,19,19,21,22,23,24,24,25,27,27,29,29,29,29,29,29,30,31,31,31,31,31,31,32,34,35,35,35,35,36,36,36,36,36,36,36,37,37,37,37,37,37,37,37,37,37,37,37,37,37,37,37,37,37,37,37,37,37,37,37,37,37,37,38,38,38,38,38,38,38,38,38,38,38,38,39,39
"PICKAWAY",0,0,0,0,0,0,0,0,0,0,0,0,0,0,0,0,0,0,0,0,0,0,0,0,0,0,0,0,0,0,0,0,0,0,0,0,0,0,0,0,0,0,0,0,0,0,0,0,0,0,0,0,0,0,0,0,0,0,0,0,0,0,0,0,0,0,0,0,0,0,0,0,0,0,0,0,0,0,0,0,1,1,1,2,4,4,4,5,6,7,9,10,10,12,12,13,18,20,23,23,24,25,26,26,27,28,28,30,31,31,32,33,35,36,37,37,37,38,38,38,38,39,40,40,40,40,40,40,40,41,41,41,41,41,41,41,41,41,41,41,41,41,41,41,41,41,41,41,41,41,41,41,41,41,41,41,41,41,41,41,41,41,41,41,41,41,41,41,41,41,42,42,42,42,42,42,42,42,42,42,42,42,42,42,42,42,42,42,42,42,42,42,42,42,42,42,42,42,42,42,42,42,42,42,42,42,42,42,42,42,42,42,42,43,43,43,43,43,43,43,43,43,43,43,43,44,44,44,44,44,44,44,44,44,44,44,44,44,44,44,44,44,44,44,44,44,44,44,44,45,46,46,46,46,46,46,46,46,46,46,46,46,46,46,46,46,46,47,47,47,47,47,47,48,48,49,49,49,49,50,50,52,52,52,52,53,53,53,53,53,53,55,55,55,55,58,59,59,59,59,59,59,59,59,59,60,60,60,62,62,62,62,63,64,65,65,66,66,66,68,70,73,74,75,75,75,75,76,78,79,80,80,80,81,83,83,83,84,84,84,84,85,87,89,91,91,91,92,93,93,93,93,93,93,93,93,93,93,93,93,93,93,93,93,93,93,93,93,93,93,93,93,93,93,93,93,93,93,93,93,93,93,93,93,93,93,93,93,93,93,93,93,93,92,92,93,94,97
"PIKE",0,0,0,0,0,0,0,0,0,0,0,0,0,0,0,0,0,0,0,0,0,0,0,0,0,0,0,0,0,0,0,0,0,0,0,0,0,0,0,0,0,0,0,0,0,0,0,0,0,0,0,0,0,0,0,0,0,0,0,0,0,0,0,0,0,0,0,0,0,0,0,0,0,0,0,0,0,0,0,0,0,0,0,0,0,0,0,0,0,0,0,0,0,0,0,0,0,0,0,0,0,0,0,0,0,0,0,0,0,0,0,0,0,0,0,0,0,0,0,0,0,0,0,0,0,0,0,0,0,0,0,0,0,0,0,0,0,0,0,0,0,0,0,0,0,0,0,0,0,0,0,0,0,0,0,0,0,0,0,0,0,0,0,0,0,0,0,0,0,0,0,0,0,0,0,0,0,0,0,0,0,0,0,0,0,0,0,0,0,0,0,0,0,0,0,0,0,0,0,0,0,0,0,0,0,0,0,0,0,0,0,0,0,0,0,0,0,0,0,0,0,0,0,0,0,0,0,0,0,0,0,0,0,0,0,0,0,0,0,0,0,0,0,0,0,0,0,0,0,0,0,0,0,0,0,0,0,0,0,0,0,0,0,0,0,0,0,0,0,0,0,0,0,0,0,0,0,0,0,0,0,0,0,0,0,0,0,0,0,1,1,1,1,1,1,1,1,1,1,1,1,1,1,1,1,1,1,2,2,2,2,2,2,2,2,3,3,4,4,5,5,5,6,6,7,8,8,9,9,9,9,9,9,10,10,10,11,11,12,12,12,13,13,13,13,14,14,15,15,15,17,17,17,17,17,17,17,17,17,17,17,18,18,18,18,18,18,18,19,19,19,19,19,20,21,21,21,21,22,22,23,23,23,24,24,24,24,24,24,24,24,24,24,24,24,24,24,24
"PORTAGE",0,0,0,0,0,0,0,0,0,0,0,0,0,0,0,0,0,0,0,0,0,0,0,0,0,0,0,0,0,0,0,0,0,0,0,0,0,0,0,0,0,0,0,0,0,0,0,0,0,0,0,0,0,0,0,0,0,0,0,0,0,0,0,0,0,0,0,0,1,1,4,5,5,7,9,11,13,16,17,20,21,25,27,29,31,32,33,34,34,35,37,37,37,38,39,40,40,41,43,44,46,46,47,47,48,50,50,51,51,52,52,54,54,54,55,56,57,57,57,57,57,57,57,57,57,57,57,57,57,57,57,57,57,57,57,57,58,58,58,58,58,58,58,58,58,58,58,58,58,58,58,58,58,58,58,58,58,58,59,59,59,59,59,59,59,59,59,59,59,59,59,59,59,59,59,59,59,59,59,59,59,59,59,59,59,59,59,60,60,63,63,63,63,63,63,63,65,65,65,65,65,65,65,65,65,65,65,65,65,65,65,65,65,65,65,65,65,65,65,65,65,65,65,65,65,65,65,65,65,65,65,66,66,66,66,66,66,66,66,66,66,66,66,66,66,66,66,66,66,66,66,66,67,67,67,67,67,67,67,67,67,67,67,68,68,68,68,68,68,68,68,68,68,69,69,69,69,69,69,70,70,70,70,70,70,70,70,70,70,70,70,70,70,71,71,71,71,73,73,73,73,74,76,76,78,78,79,80,81,81,81,82,82,82,84,85,87,88,92,94,95,96,97,98,99,100,103,104,105,105,105,108,110,114,118,119,122,122,123,124,127,129,131,132,133,133,133,133,134,134,137,137,137,137,137,137,137,139,141,141,141,142,142,143,143,146,147,147,147,147,147,147,148,149,149,149,149,149,150,151,152,152,152,152,152,152,152,152,152,152,152,152,152,150,150,152,152,152
"PREBLE",0,0,0,0,0,0,0,0,0,0,0,0,0,0,0,0,0,0,0,0,0,0,0,0,0,0,0,0,0,0,0,0,0,0,0,0,0,0,0,0,0,0,0,0,0,0,0,0,0,0,0,0,0,0,0,0,0,0,0,0,0,0,0,0,0,0,0,0,0,0,0,0,0,0,0,0,0,1,1,1,1,1,1,1,1,1,1,1,1,1,1,1,1,1,1,1,1,1,1,1,1,1,1,1,1,1,1,1,1,1,1,1,1,1,1,1,1,1,1,1,1,1,1,1,1,1,1,1,1,1,1,1,1,1,1,1,1,1,1,1,1,1,1,1,1,1,1,1,1,1,1,1,1,1,1,1,1,1,1,1,1,1,1,1,1,1,1,1,1,1,1,1,1,1,1,1,1,1,1,2,2,2,2,2,2,2,2,2,2,2,2,2,2,2,2,2,2,2,3,3,3,3,3,3,3,3,3,3,4,5,5,5,5,6,8,8,8,9,9,9,11,13,13,13,13,13,14,14,14,15,15,16,16,16,16,16,16,16,16,16,16,16,16,16,16,16,16,16,16,16,17,18,18,18,18,18,18,18,18,18,18,18,18,19,19,19,19,19,19,19,19,19,19,19,19,19,19,19,19,19,19,19,20,20,20,21,21,21,22,22,22,22,22,25,25,25,26,26,26,27,27,27,29,30,33,34,35,36,36,36,37,39,40,41,41,42,43,45,45,45,45,46,48,51,52,53,53,54,55,56,57,59,60,60,61,61,62,62,62,63,63,63,63,65,65,65,66,66,66,66,66,66,66,67,67,67,67,67,67,67,68,69,69,69,69,69,69,69,69,69,69,69,69,69,69,69,69,69,69,69,69,69,69,69,69,69,69,69,69,69,69,69,69,69,69,69,69,69
"PUTNAM",0,0,0,0,0,0,0,0,0,0,0,0,0,0,0,0,0,0,0,0,0,0,0,0,0,0,0,0,0,0,0,0,0,0,0,0,0,0,0,0,0,0,0,0,0,0,0,0,0,0,0,0,0,0,0,0,0,0,0,0,0,0,0,0,0,0,0,0,0,0,0,0,0,0,0,0,0,0,0,0,0,0,0,0,0,0,0,1,1,1,3,5,5,5,5,5,7,8,8,8,9,10,10,10,11,12,12,12,12,12,12,12,12,12,12,12,13,13,13,13,13,13,13,13,13,13,13,13,13,13,14,14,14,14,14,14,14,14,14,14,14,14,14,14,14,14,14,14,14,14,14,14,15,15,16,16,16,16,16,16,16,16,16,16,16,16,16,16,16,16,16,16,16,16,16,16,16,16,16,16,17,17,17,17,17,17,17,17,17,17,17,17,17,17,17,17,17,17,17,17,17,17,17,17,17,17,17,17,17,17,17,17,17,17,17,17,17,17,17,18,19,20,20,20,21,21,21,21,21,22,22,22,22,22,22,23,23,24,24,24,25,25,25,25,25,26,26,27,27,27,27,27,27,27,27,27,27,27,27,27,27,27,27,27,27,27,28,29,29,30,30,30,30,30,31,32,34,35,36,37,39,41,43,45,45,46,47,47,48,51,51,52,57,58,58,60,61,62,62,62,63,63,64,64,66,66,68,68,72,73,73,74,74,74,74,75,76,76,77,78,79,79,80,80,80,80,80,80,80,80,80,80,81,81,81,82,82,82,82,83,83,84,84,85,86,87,87,87,87,87,88,88,88,88,88,88,88,88,89,89,91,91,92,92,92,93,93,93,94,94,94,94,94,96,96,96,96,97,97,97,97,97,97,97,97,97,97,97,97,97,97,97,97,95,97,97,97,98
"RICHLAND",0,0,0,0,0,0,0,0,0,0,0,0,0,0,0,0,0,0,0,0,0,0,0,0,0,0,0,0,0,0,0,0,0,0,0,0,0,0,0,0,0,0,0,0,0,0,0,0,0,0,0,0,0,0,0,0,0,0,0,0,0,0,0,0,0,0,0,0,0,0,0,0,0,0,0,0,0,1,1,1,1,1,1,1,1,1,2,2,2,2,2,2,2,2,2,2,2,2,2,2,2,2,2,2,2,2,2,2,2,2,2,2,2,2,2,2,2,2,2,3,3,3,3,3,3,3,3,3,3,3,3,3,4,4,4,4,4,4,4,4,4,4,4,4,4,4,4,4,4,4,4,4,5,5,5,5,5,5,5,5,5,5,5,5,5,5,5,5,5,5,5,5,5,5,6,7,7,7,7,7,7,7,8,8,8,9,9,10,10,10,10,11,12,12,12,12,12,12,13,13,13,14,14,14,14,14,14,15,16,16,16,16,17,17,17,17,17,17,17,17,17,17,18,18,18,18,18,18,18,18,18,18,19,19,19,19,19,19,19,19,19,19,19,19,19,19,19,19,19,19,19,20,20,20,21,21,21,21,22,22,25,25,25,25,25,25,25,25,25,27,27,27,27,29,29,30,30,31,31,31,31,31,31,31,31,32,32,33,33,33,34,34,34,34,34,35,37,37,38,40,40,41,42,44,45,47,49,50,51,51,52,54,55,55,57,58,58,59,59,60,62,64,64,66,70,73,78,78,80,84,87,91,96,100,103,108,111,114,118,123,126,134,135,136,139,143,149,152,157,157,158,159,161,162,165,170,175,179,180,182,182,184,184,184,186,188,189,189,190,191,194,194,194,194,194,194,195,195,196,196,196,196,196,196,197,197,197,197,197,197,197,197,197,197,197,197,197,197
"ROSS",0,0,0,0,0,0,0,0,0,0,0,0,0,0,0,0,0,0,0,0,0,0,0,0,0,0,0,0,0,0,0,0,0,0,0,0,0,0,0,0,0,0,0,0,0,0,0,0,0,0,0,0,0,0,0,0,0,0,0,0,0,0,0,0,0,0,0,0,0,0,0,0,0,0,0,0,0,0,0,0,0,0,0,0,0,0,0,0,0,0,1,1,1,1,1,1,1,1,1,1,1,1,1,1,1,1,1,1,1,1,1,1,1,1,1,1,2,2,2,2,2,2,2,2,2,2,2,2,2,2,2,2,2,2,2,2,2,2,2,2,2,2,3,3,3,3,3,3,3,3,3,3,3,3,3,3,3,3,3,3,3,4,4,4,4,4,4,4,4,4,4,4,4,4,4,4,4,4,4,4,4,4,4,4,4,4,4,4,4,4,4,5,5,6,6,6,6,6,6,7,8,9,10,10,10,11,11,13,13,13,13,13,13,15,15,15,15,16,17,18,18,18,18,19,19,19,19,19,20,20,21,22,22,22,22,23,24,25,26,26,27,27,27,27,29,29,30,30,31,31,32,32,32,32,32,32,32,32,33,33,34,34,35,35,36,37,38,39,39,41,41,42,44,47,47,48,51,53,53,54,56,56,58,58,60,60,62,62,62,62,62,63,64,66,67,67,68,69,69,69,69,70,70,72,74,76,76,76,76,77,77,79,80,80,81,82,84,85,87,87,88,91,91,91,91,92,93,94,94,95,96,99,100,102,102,102,104,105,106,109,110,113,113,115,116,116,116,117,118,119,120,121,121,121,122,122,123,123,123,123,123,123,124,124,124,124,124,125,128,128,129,130,130,131,131,131,132,133,134,134,134,134,134,134,135,135,135,135,135,135,135,135,135,134,134,135,135,135
"SANDUSKY",0,0,0,0,0,0,0,0,0,0,0,0,0,0,0,0,0,0,0,0,0,0,0,0,0,0,0,0,0,0,0,0,0,0,0,0,0,0,0,0,0,0,0,0,0,0,0,0,0,0,0,0,0,0,0,0,0,0,0,0,0,0,0,0,0,0,0,0,0,0,0,0,0,0,0,0,1,1,1,2,2,2,2,2,2,2,2,2,2,2,2,2,2,2,3,4,4,5,5,5,6,6,7,7,7,7,7,7,7,7,8,9,9,9,9,9,10,10,10,10,10,10,10,10,11,11,11,11,11,11,11,11,12,13,13,13,13,13,13,13,13,13,13,13,13,13,13,13,13,13,13,13,13,13,13,13,13,13,13,13,13,13,14,14,14,14,14,14,14,16,16,16,16,16,16,16,16,16,16,16,16,16,16,16,16,16,16,16,17,17,17,17,17,17,17,17,17,18,18,18,18,18,18,18,18,18,18,18,18,18,18,18,18,18,18,18,18,18,18,18,18,18,18,18,20,20,20,20,20,20,20,20,20,20,20,20,20,20,20,20,20,20,20,20,20,20,20,20,20,20,20,21,21,21,21,21,21,21,21,21,21,21,21,22,22,22,22,23,23,23,23,23,23,23,23,23,23,23,23,23,23,23,23,23,23,23,23,23,24,25,25,25,25,25,25,25,25,25,25,25,27,27,27,28,28,29,30,30,30,30,31,31,32,33,34,35,38,38,40,41,42,43,45,47,50,52,54,54,56,56,58,61,65,66,67,69,70,70,70,72,74,76,77,80,81,81,81,81,82,82,83,83,83,83,84,84,86,86,86,86,86,86,86,86,86,86,86,86,86,86,87,88,88,88,88,88,88,90,90,90,90,90,90,92,92,92,92,92,92,92,92,92,92,91,92,92,92,92
"SCIOTO",0,0,0,0,0,0,0,0,0,0,0,0,0,0,0,0,0,0,0,0,0,0,0,0,0,0,0,0,0,0,0,0,0,0,0,0,0,0,0,0,0,0,0,0,0,0,0,0,0,0,0,0,0,0,0,0,0,0,0,0,0,0,0,0,0,0,0,0,0,0,0,0,0,0,0,0,0,0,0,0,0,0,0,0,0,0,0,0,0,0,0,0,0,0,0,0,0,0,0,0,0,0,0,0,0,0,0,0,0,0,0,0,0,0,0,0,0,0,0,0,0,0,0,0,0,0,0,0,0,0,0,0,0,0,0,0,0,0,0,0,0,0,0,0,0,0,0,0,0,0,0,0,0,0,0,0,0,0,0,0,0,0,0,0,0,0,0,0,0,0,0,0,0,0,0,0,0,0,0,0,1,1,1,1,1,1,1,1,1,1,1,1,1,1,1,1,1,1,1,1,1,1,1,1,1,1,1,1,1,1,1,2,2,2,2,2,2,2,3,3,3,4,4,4,4,5,5,5,5,5,5,5,5,5,6,6,6,6,6,6,6,6,6,6,7,7,7,7,7,7,7,7,7,7,7,7,7,7,7,7,7,7,7,7,8,9,9,9,10,10,11,11,11,11,11,11,11,11,11,11,11,11,11,11,11,12,12,12,14,14,14,14,16,17,17,17,17,17,17,18,18,18,19,21,22,22,22,22,24,27,28,30,32,32,33,35,37,39,39,42,43,45,45,47,48,51,51,52,54,55,55,58,59,60,62,64,66,66,66,67,68,69,72,73,74,74,78,79,81,83,85,86,86,87,89,89,91,93,93,94,95,95,95,95,95,95,96,96,96,97,97,98,99,99,99,99,100,100,100,100,101,102,102,102,102,102,102,102,102,102,102,102,102,101,101,102,103,104
"SENECA",0,0,0,0,0,0,0,0,0,0,0,0,0,0,0,0,0,0,0,0,0,0,0,0,0,0,0,0,0,0,0,0,0,0,0,0,0,0,0,0,0,0,0,0,0,0,0,0,0,0,0,0,0,0,0,0,0,0,0,0,0,0,0,0,0,0,0,0,0,1,1,1,1,1,1,1,1,1,1,1,1,1,1,1,1,1,1,1,1,1,1,1,1,1,1,1,1,1,1,1,1,1,1,1,1,1,1,1,1,1,1,1,2,2,2,2,2,2,2,2,2,2,2,2,2,2,2,2,2,2,2,2,2,2,2,2,2,2,2,2,2,2,2,2,2,2,2,2,2,2,2,2,2,2,2,2,2,2,2,2,2,2,2,2,2,2,2,2,2,2,2,2,2,2,2,2,2,2,2,2,2,2,2,2,2,3,3,3,3,3,4,5,6,6,6,6,6,6,6,8,8,8,9,10,11,11,12,12,12,12,12,12,13,13,13,13,13,13,13,13,13,13,13,13,13,13,13,14,14,14,14,14,14,14,14,14,14,14,15,15,15,15,15,16,16,16,16,16,16,17,17,17,17,17,17,17,17,17,17,17,17,17,17,17,17,17,17,18,18,18,18,18,18,18,18,18,18,18,18,18,18,18,18,18,18,20,20,20,21,21,21,21,22,22,22,22,24,25,25,26,26,26,26,26,28,28,28,30,31,31,31,32,34,36,40,42,43,46,47,48,49,49,51,54,55,58,60,60,62,63,66,67,67,69,72,73,73,74,74,75,75,76,77,77,79,81,82,83,86,87,87,87,87,87,87,89,92,92,93,94,96,96,97,97,98,98,98,98,98,98,98,99,99,100,100,100,100,100,100,100,100,101,101,101,101,101,101,101,101,101,102,102,102,101,102,102,102,103
"SHELBY",0,0,0,0,0,0,0,0,0,0,0,0,0,0,0,0,0,0,0,0,0,0,0,0,0,0,0,0,0,0,0,0,0,0,0,0,0,0,0,0,0,0,0,0,0,0,0,0,0,0,0,0,0,0,0,0,0,0,0,0,0,0,0,0,0,0,0,0,0,0,0,0,0,0,0,0,0,0,0,0,0,0,0,0,0,0,0,0,0,0,0,0,0,1,1,1,1,1,1,1,1,1,1,1,1,1,1,1,1,1,1,1,1,1,2,2,2,2,2,2,2,2,2,2,2,2,3,3,3,3,3,3,3,3,3,3,3,3,3,3,3,3,3,3,3,3,3,3,3,3,3,3,4,4,4,4,4,4,4,4,4,4,4,4,4,4,4,4,4,4,4,4,4,4,4,4,4,4,4,4,4,4,4,4,4,4,4,4,4,4,4,4,4,4,4,4,4,4,4,4,4,4,4,4,4,4,4,4,4,4,4,4,4,4,4,4,5,5,5,5,5,5,5,7,7,8,8,8,8,8,9,9,10,10,11,12,12,12,12,13,13,13,14,14,14,14,14,15,15,15,15,15,15,15,15,15,15,15,15,18,18,18,18,18,18,18,18,18,18,18,18,18,18,18,18,18,18,18,18,18,20,20,21,21,21,21,21,21,21,21,22,22,22,22,22,22,22,22,23,23,23,23,23,23,23,23,24,26,27,29,29,30,30,30,32,32,32,33,36,37,40,42,43,44,45,47,49,50,51,51,54,54,55,56,56,56,57,58,58,58,58,58,59,60,60,60,60,60,60,60,60,60,60,60,61,61,61,61,61,61,61,62,62,62,62,62,63,63,63,63,63,64,64,65,65,65,65,65,66,66,66,66,66,66,66,66,66,66,66,66,66,66,66,66,66,66,67,67
"STARK",0,0,0,0,0,0,0,0,0,0,0,0,0,0,0,0,0,0,0,0,0,0,0,0,0,0,0,0,0,0,0,0,0,0,0,0,0,0,0,0,0,0,0,0,0,0,0,0,0,0,0,0,0,0,0,0,0,0,0,0,0,1,1,2,2,2,2,2,2,3,3,5,6,6,7,8,8,9,11,12,15,20,20,21,22,25,28,29,30,33,38,41,44,45,48,50,54,57,58,59,61,65,65,65,67,69,71,71,73,74,76,76,78,78,81,82,84,87,89,91,93,94,94,95,95,95,95,96,100,100,100,102,102,102,102,102,103,104,104,104,104,104,104,104,104,104,105,106,108,108,108,108,108,109,110,111,112,112,112,112,112,113,113,113,113,113,113,114,114,115,116,116,117,118,118,119,119,120,120,120,121,121,121,123,124,126,130,130,132,132,132,135,136,136,137,137,137,139,140,140,143,144,145,146,148,149,150,150,150,152,153,154,155,155,155,155,156,158,158,158,160,161,161,162,162,163,163,164,164,166,167,167,168,169,171,174,174,174,174,176,176,176,177,178,182,182,182,182,183,183,185,186,187,187,189,190,191,193,194,195,197,198,198,198,198,198,198,200,202,203,203,205,205,205,209,211,211,213,214,216,219,220,221,224,226,226,226,226,230,233,234,237,239,241,243,249,253,261,271,276,279,286,293,303,313,324,329,334,349,356,365,369,376,382,397,409,418,429,440,451,461,468,475,485,491,498,507,515,526,538,553,562,573,584,593,607,616,622,629,640,651,660,665,674,683,689,698,705,711,717,721,723,728,730,737,742,747,754,761,764,772,775,776,778,781,786,789,792,797,801,803,804,804,805,807,810,810,812,813,813,814,816,818,819,820,820,820,821,821,821,821,821,821,813,818,821,822,824
"SUMMIT",0,0,0,0,0,0,0,0,0,0,0,0,0,0,0,0,0,0,0,0,0,0,0,0,0,0,0,0,0,0,0,0,0,0,0,0,0,0,0,0,0,0,0,0,0,0,0,0,0,0,0,0,0,0,0,0,0,0,0,0,0,0,0,0,0,1,4,5,5,5,10,10,10,13,14,14,14,15,16,16,17,18,19,21,23,28,30,34,36,38,38,42,45,53,55,64,74,89,94,97,113,120,126,129,131,135,141,145,150,152,155,156,158,158,161,163,168,169,170,171,173,174,176,178,179,179,179,181,181,183,185,185,186,187,190,190,190,191,192,194,194,194,196,197,198,201,202,202,203,204,204,205,205,205,205,206,206,206,206,206,206,206,206,206,207,207,207,207,207,208,208,208,209,209,209,210,210,210,210,210,210,210,210,210,211,213,214,214,215,216,217,217,217,218,220,220,220,224,225,226,228,230,230,230,230,231,231,231,233,234,235,235,236,236,236,236,236,237,238,239,241,241,241,243,244,245,245,245,246,247,247,247,247,248,248,249,249,249,251,252,253,253,253,253,253,253,253,254,254,254,254,255,257,259,259,259,260,261,262,262,262,263,263,263,264,266,266,267,268,270,273,273,274,274,276,276,277,277,278,279,280,281,284,286,288,291,293,294,298,300,301,302,305,310,312,317,322,329,332,335,341,344,347,354,358,366,372,380,387,393,403,414,423,429,436,453,461,471,484,493,500,507,516,527,534,542,554,563,575,590,598,611,623,639,649,658,664,671,680,690,697,704,717,728,734,740,747,762,773,780,787,793,799,806,810,815,818,824,828,834,839,846,850,853,856,860,863,865,868,870,872,877,881,885,887,889,891,894,897,899,902,902,905,906,909,912,913,916,917,918,919,922,922,915,922,922,927,930
"TRUMBULL",0,0,0,0,0,0,0,0,0,0,0,0,0,0,0,0,0,0,0,0,0,0,0,0,0,0,0,0,0,0,0,0,0,0,0,0,0,0,0,0,0,0,0,0,0,0,0,0,0,0,0,0,0,0,0,0,0,0,0,0,0,0,0,0,1,1,2,2,2,2,6,6,9,9,9,11,11,11,11,12,14,14,15,15,17,17,21,22,23,23,24,25,25,26,26,28,28,30,33,33,33,33,33,35,35,37,37,37,37,39,40,40,41,42,43,43,44,44,45,47,47,47,47,47,49,50,51,51,51,51,51,51,52,52,53,53,53,53,53,53,53,53,53,53,53,54,54,54,55,56,56,56,57,57,59,60,63,65,69,71,72,75,76,77,78,79,79,80,81,83,84,86,87,87,88,88,89,90,93,94,96,98,98,99,101,103,103,105,105,105,105,106,106,107,108,108,108,109,110,110,111,111,112,112,113,113,113,113,114,114,115,116,117,118,119,120,121,122,123,124,124,124,125,125,126,126,126,126,126,127,127,129,129,129,129,129,129,130,130,130,130,130,130,130,130,130,130,131,131,131,131,131,131,131,131,131,131,131,131,131,131,131,131,131,131,132,132,132,132,132,132,132,132,132,133,134,135,135,135,136,137,138,138,138,139,139,139,139,139,139,140,140,140,140,140,140,141,141,143,144,145,146,147,148,151,153,157,159,162,166,171,175,178,183,187,192,199,205,209,214,224,230,234,241,247,256,264,273,278,284,292,302,310,314,321,328,333,337,341,352,357,363,369,371,375,377,382,384,387,389,395,396,398,401,402,404,404,405,407,411,411,416,416,419,421,421,423,424,424,425,426,427,429,430,433,435,435,437,438,438,439,441,442,442,443,444,444,444,445,446,446,446,446,445,445,446,448,449
"TUSCARAWAS",0,0,0,0,0,0,0,0,0,0,0,0,0,0,0,0,0,0,0,0,0,0,0,0,0,0,0,0,0,0,0,0,0,0,0,0,0,0,0,0,0,0,0,0,0,0,0,0,0,0,0,0,0,0,0,0,0,0,0,0,0,0,0,0,0,0,0,0,0,0,0,0,0,0,0,0,0,0,0,0,0,0,0,0,0,0,0,0,0,0,0,0,0,0,0,0,0,0,0,0,0,1,1,1,1,1,1,1,1,1,1,1,1,2,2,2,2,2,2,3,3,3,3,3,3,3,3,3,3,3,3,4,4,5,5,6,7,7,7,7,8,8,8,8,9,9,9,10,10,10,10,10,10,10,10,10,10,10,10,10,10,10,10,11,11,11,11,11,11,11,11,11,11,11,11,11,11,11,11,11,11,11,11,11,13,13,13,13,14,14,14,14,14,14,14,14,14,14,14,14,14,14,14,15,15,15,15,15,15,15,15,15,16,16,16,16,16,16,17,17,17,17,18,18,18,18,19,19,19,19,19,19,19,19,19,19,19,19,19,20,20,20,20,20,20,20,20,20,20,20,20,20,20,20,20,20,20,20,20,20,20,20,20,20,20,21,21,21,24,26,27,30,31,32,32,33,33,37,41,41,43,45,47,48,49,49,51,51,52,52,53,54,54,54,56,57,58,58,58,59,59,61,63,67,71,72,72,74,78,81,83,86,90,91,98,103,105,107,111,113,116,119,122,122,125,130,133,136,136,140,145,151,152,154,159,162,166,169,176,178,182,183,185,186,188,189,190,191,194,195,198,201,202,205,208,209,210,210,211,212,212,213,215,216,217,217,218,218,219,219,221,222,223,225,227,227,227,227,227,228,229,229,230,230,230,230,230,230,231,231,231,231,231,228,229,231,232,232
"UNION",0,0,0,0,0,0,0,0,0,0,0,0,0,0,0,0,0,0,0,0,0,0,0,0,0,0,0,0,0,0,0,0,0,0,0,0,0,0,0,0,0,0,0,0,0,0,0,0,0,0,0,0,0,0,0,0,0,0,0,0,0,0,0,0,0,0,0,0,0,0,0,0,0,0,0,0,0,0,0,0,0,0,0,0,0,0,0,0,0,0,0,0,0,0,0,0,0,0,0,0,0,0,0,0,0,0,0,0,0,0,0,0,0,0,0,0,0,0,0,0,0,0,0,0,0,0,1,1,1,1,1,1,1,1,1,1,1,1,1,1,1,1,1,1,1,1,1,1,1,1,1,1,1,1,1,1,1,1,1,1,1,1,1,1,1,1,1,1,1,1,1,1,1,1,1,1,1,1,1,1,1,1,1,1,1,1,1,1,1,1,1,1,1,1,1,1,1,1,1,1,1,1,1,1,1,1,1,1,1,1,1,1,1,1,1,1,1,1,1,1,1,1,1,1,1,1,1,2,2,2,2,2,2,2,2,2,2,2,2,2,2,2,2,2,2,2,2,2,2,2,2,2,2,2,2,2,2,2,2,2,2,3,3,3,3,3,3,4,4,4,4,4,4,4,4,4,4,4,4,4,5,5,5,5,5,5,5,5,5,5,6,7,8,9,10,10,10,10,11,12,12,12,12,13,14,16,16,17,17,17,18,18,18,19,20,20,20,21,22,24,24,24,25,26,26,27,28,28,28,28,29,30,30,30,30,30,30,30,30,31,31,31,32,34,34,35,35,36,37,38,39,39,40,41,43,43,43,43,43,44,44,44,45,46,47,47,47,47,48,48,48,48,49,49,49,49,50,50,50,50,50,50,50,51,51,51,51,52,52,52,52,52,52,50,51,52,52,52
"VAN WERT",0,0,0,0,0,0,0,0,0,0,0,0,0,0,0,0,0,0,0,0,0,0,0,0,0,0,0,0,0,0,0,0,0,0,0,0,0,0,0,0,0,0,0,0,0,0,0,0,0,0,0,0,0,0,0,0,0,0,0,0,0,0,0,0,0,0,0,0,0,0,0,0,0,0,0,0,0,0,0,0,0,0,0,0,0,0,0,0,0,0,0,0,0,0,0,0,0,0,0,0,0,0,0,0,0,0,0,0,0,0,0,0,0,0,0,0,0,0,0,0,0,0,0,0,0,0,0,0,0,0,0,0,0,0,0,0,0,0,0,0,0,0,0,0,0,0,0,0,0,0,0,0,0,0,0,0,0,0,0,0,0,1,1,1,1,1,1,1,1,1,1,1,1,1,1,1,1,1,1,1,1,1,1,1,1,1,1,1,1,1,1,1,1,1,2,2,2,2,2,2,2,2,2,2,2,2,2,2,2,2,2,2,2,2,2,2,2,2,2,2,2,2,2,2,3,3,3,3,3,3,3,3,3,3,3,3,3,3,3,3,3,3,3,3,3,3,3,3,3,3,3,3,4,4,4,4,4,4,4,4,4,4,4,4,4,4,4,4,4,4,4,5,5,5,5,5,5,5,5,5,5,5,5,5,5,5,5,5,5,5,6,6,6,6,6,8,9,10,13,14,14,16,17,18,20,24,25,26,26,28,28,29,33,34,34,34,35,36,37,37,37,38,38,38,38,38,39,39,40,41,42,42,43,43,44,44,44,44,44,44,44,44,44,45,45,46,46,46,46,46,46,46,47,47,47,47,47,47,47,48,48,48,48,48,48,48,48,49,49,49,49,49,49,49,49,49,49,49,49,49,49,49,49,49,49,49,49,49,49,49,49,49,49,49,49,49,49,49
"VINTON",0,0,0,0,0,0,0,0,0,0,0,0,0,0,0,0,0,0,0,0,0,0,0,0,0,0,0,0,0,0,0,0,0,0,0,0,0,0,0,0,0,0,0,0,0,0,0,0,0,0,0,0,0,0,0,0,0,0,0,0,0,0,0,0,0,0,0,0,0,0,0,0,0,0,0,0,0,0,0,0,0,0,0,0,0,0,0,0,0,0,0,0,0,0,0,0,0,0,0,0,0,0,0,0,0,0,0,0,0,0,0,0,0,0,0,0,0,0,0,0,0,0,0,1,1,1,2,2,2,2,2,2,2,2,2,2,2,2,2,2,2,2,2,2,2,2,2,2,2,2,2,2,2,2,2,2,2,2,2,2,2,2,2,2,2,2,2,2,2,2,2,2,2,2,2,2,2,2,2,2,2,2,2,2,2,2,2,2,2,2,2,2,2,2,2,2,2,2,2,2,2,2,2,2,2,2,2,2,2,2,2,2,2,2,2,2,2,2,2,2,2,2,2,2,2,2,2,2,2,2,3,3,3,3,3,3,3,3,3,3,3,3,3,3,3,3,3,3,3,3,3,3,3,3,3,3,3,3,3,3,3,3,3,3,3,3,3,3,4,4,4,4,4,4,4,4,4,4,5,5,5,5,5,5,5,5,5,5,5,5,5,5,5,5,5,5,5,5,5,5,5,5,5,5,5,6,6,6,6,6,6,6,6,6,6,6,6,6,6,6,6,6,7,8,8,8,8,9,9,10,11,11,11,11,11,11,11,11,11,11,11,11,12,12,12,13,13,13,13,13,13,13,13,13,13,13,13,13,13,13,13,13,13,13,13,13,13,13,14,14,14,14,14,14,14,14,14,14,14,14,14,14,14,14,14,14,14,14,14,14,14,15,15,14,15,15,15,15
"WARREN",0,0,0,0,0,0,0,0,0,0,0,0,0,0,0,0,0,0,0,0,0,0,0,0,0,0,0,0,0,0,0,0,0,0,0,0,0,0,0,0,0,0,0,0,0,0,0,0,0,0,0,0,0,0,0,0,0,0,0,0,0,0,0,0,0,0,0,0,0,0,0,0,0,0,0,1,2,2,2,2,2,3,3,3,4,5,6,9,9,10,10,10,10,10,11,11,11,11,11,11,11,11,12,12,12,13,13,13,14,14,14,15,15,15,15,16,16,16,18,18,19,19,20,20,20,20,20,20,20,20,20,20,20,20,20,20,20,20,21,21,21,21,21,21,21,21,21,21,21,21,21,21,21,21,21,22,22,22,22,23,23,23,23,23,25,26,27,27,27,28,29,29,29,30,30,30,30,30,30,30,30,31,31,31,32,32,33,35,35,36,36,36,36,37,38,40,40,40,40,40,40,40,40,40,41,41,41,41,41,41,41,41,41,41,42,42,42,42,42,42,42,42,43,44,45,45,45,46,46,46,46,48,49,50,50,50,51,51,51,52,52,52,52,53,54,56,56,57,58,59,60,61,61,61,61,61,61,61,62,63,65,65,66,67,69,69,69,69,69,71,71,72,73,73,73,74,74,74,75,77,77,77,77,77,79,80,82,82,83,84,86,88,89,90,90,90,90,90,91,91,93,93,94,95,96,99,99,100,103,103,104,107,112,114,118,120,121,122,123,127,130,135,139,143,147,151,155,158,159,162,164,167,172,177,181,185,188,192,194,202,210,216,218,221,226,228,230,233,237,240,242,243,247,247,248,250,250,251,252,253,253,253,253,253,253,253,254,255,256,257,258,259,261,261,261,261,261,262,262,263,264,264,264,264,264,264,264,264,264,264,264,264,264,264,264,264,266,267
"WASHINGTON",0,0,0,0,0,0,0,0,0,0,0,0,0,0,0,0,0,0,0,0,0,0,0,0,0,0,0,0,0,0,0,0,0,0,0,0,0,0,0,0,0,0,0,0,0,0,0,0,0,0,0,0,0,0,0,0,0,0,0,0,0,0,0,0,0,0,0,0,0,0,0,0,0,0,0,0,0,0,1,1,1,3,5,5,6,8,8,8,8,8,9,10,10,11,12,12,12,12,12,12,14,16,16,17,17,17,17,17,17,17,17,17,18,18,18,18,18,18,18,18,18,18,19,19,19,19,19,19,19,19,19,19,19,19,19,20,20,20,20,20,20,20,20,20,20,20,20,20,20,20,20,20,20,20,20,20,20,20,20,20,20,20,20,20,20,20,20,20,20,20,20,20,20,20,20,20,20,20,20,20,20,20,20,20,20,20,20,20,20,20,21,21,21,21,21,21,21,21,21,21,21,21,21,21,21,22,22,22,22,22,22,22,22,22,22,22,22,22,22,22,22,22,22,22,22,22,22,22,22,22,22,22,22,22,22,22,22,22,22,22,22,22,22,22,22,22,22,22,22,22,22,22,22,22,22,22,22,22,22,23,23,23,23,23,23,23,23,23,23,23,23,23,23,24,24,24,24,25,25,26,26,26,26,26,27,28,28,28,28,28,28,28,28,29,30,30,31,31,31,31,32,32,32,32,32,32,33,34,35,35,38,41,42,43,43,43,44,45,47,48,49,51,51,53,58,59,61,61,62,62,62,63,66,70,75,76,77,77,78,78,78,78,78,79,79,80,81,81,81,81,81,82,83,83,83,83,83,83,83,83,83,83,83,83,83,83,83,84,84,85,86,86,86,86,86,86,86,86,86,86,86,86,86,86,86,86,86,86,86,86,86,86,86,86,86,86,86,86
"WAYNE",0,0,0,0,0,0,0,0,0,0,0,0,0,0,0,0,0,0,0,0,0,0,0,0,0,0,0,0,0,0,0,0,0,0,0,0,0,0,0,0,0,0,0,0,0,0,0,0,0,0,0,0,0,0,0,0,0,0,0,0,0,0,0,0,0,0,0,0,0,0,0,0,0,0,1,3,3,5,7,8,9,9,10,11,11,12,13,13,15,18,19,19,20,23,23,26,26,29,32,33,35,35,37,38,42,42,43,46,46,47,48,48,48,48,48,48,48,48,49,49,49,49,49,50,50,50,50,50,51,51,51,51,51,51,51,51,51,51,51,51,51,51,51,51,51,51,51,51,51,51,51,51,51,51,51,51,51,52,52,52,52,52,52,52,54,54,55,55,55,56,56,56,56,56,56,56,57,57,57,57,57,57,57,58,58,58,58,58,58,58,58,58,58,58,58,58,58,58,58,58,59,59,59,59,60,60,60,60,60,60,61,61,61,61,61,61,61,61,61,61,62,63,63,64,64,64,64,64,64,65,65,65,66,66,66,66,67,67,67,67,67,67,67,67,68,68,68,68,68,68,68,68,68,68,68,68,68,68,68,68,68,68,68,68,68,68,68,68,68,68,68,69,69,69,70,71,71,72,72,72,72,72,74,76,77,80,80,83,84,84,84,86,86,89,93,94,97,98,98,98,99,102,102,103,104,104,107,108,110,114,116,118,120,121,125,128,130,133,135,136,137,138,139,140,142,145,147,148,149,153,155,157,160,161,163,165,166,168,172,172,173,173,175,175,176,176,177,177,180,180,180,181,183,183,184,185,187,187,189,191,192,192,193,193,193,193,194,194,194,194,194,194,196,196,196,198,198,199,200,200,202,202,203,204,205,205,206,207,208,208,208,211,211,207,209,211,211,214
"WILLIAMS",0,0,0,0,0,0,0,0,0,0,0,0,0,0,0,0,0,0,0,0,0,0,0,0,0,0,0,0,0,0,0,0,0,0,0,0,0,0,0,0,0,0,0,0,0,0,0,0,0,0,0,0,0,0,0,0,0,0,0,0,0,0,0,0,0,0,0,0,0,0,0,0,0,0,0,0,0,0,0,0,0,0,0,1,1,1,1,1,1,1,1,1,1,1,1,1,1,1,1,1,1,1,1,1,1,1,1,1,1,1,1,1,1,1,1,1,1,1,1,1,1,1,1,1,1,1,1,1,1,1,1,1,1,1,1,1,1,1,1,1,1,1,1,1,1,1,1,1,1,1,1,1,1,1,1,1,1,2,2,2,2,2,2,2,2,2,2,2,2,2,2,2,2,3,3,3,3,3,3,3,3,3,3,3,3,3,3,3,3,3,3,3,3,3,3,3,3,3,3,3,3,3,3,3,3,3,3,3,3,3,3,3,3,3,3,3,3,3,3,3,3,3,3,3,3,3,3,3,3,3,3,3,3,3,3,3,3,3,3,3,3,3,3,3,3,3,3,3,3,3,4,4,4,4,4,4,4,4,4,4,4,4,4,4,4,4,4,4,4,4,4,4,5,5,5,5,5,5,5,5,5,5,5,5,6,6,6,6,6,6,7,7,7,7,7,8,9,9,9,9,9,9,9,9,9,9,9,10,10,12,12,12,12,12,13,14,16,16,17,18,19,21,21,23,26,31,33,33,35,37,41,41,43,46,46,48,48,50,51,52,52,53,55,55,57,58,60,61,62,62,63,64,66,67,67,68,68,69,69,69,69,69,69,69,71,72,73,73,73,75,75,75,75,75,75,75,75,75,77,77,77,77,77,77,77,77,77,77,77,77,77,77,77,77,77,77,77,77
"WOOD",0,0,0,0,0,0,0,0,0,0,0,0,0,0,0,0,0,0,0,0,0,0,0,0,0,0,0,0,0,0,0,0,0,0,0,0,0,0,0,0,0,0,0,0,0,0,0,0,0,0,0,0,0,0,0,0,0,0,0,0,0,0,0,0,0,0,0,0,0,0,0,0,0,0,0,0,1,2,3,3,3,4,5,5,5,8,9,10,11,13,14,14,15,16,19,19,20,23,24,25,26,28,30,31,32,32,35,35,37,39,39,42,44,45,45,45,45,45,45,47,47,48,49,49,49,50,50,50,50,50,50,51,51,51,51,51,51,51,51,51,51,51,51,51,51,51,51,51,51,51,51,51,51,51,51,51,51,51,51,51,51,51,51,51,51,52,52,52,52,52,52,52,52,52,52,53,53,53,54,54,55,55,55,56,57,57,59,59,59,59,59,59,59,59,59,59,59,59,59,59,59,59,59,59,59,60,62,63,63,63,65,65,65,65,65,65,65,65,66,67,67,68,71,72,74,74,74,74,74,75,75,76,77,78,79,79,79,79,80,82,82,82,83,83,83,83,83,83,83,83,83,84,85,86,86,86,87,87,87,87,87,89,92,92,93,93,93,93,93,93,93,94,97,97,98,98,99,100,101,102,104,104,104,104,104,105,105,107,107,107,107,109,109,110,110,110,110,110,110,110,110,111,112,112,112,113,113,114,115,115,116,116,117,118,119,122,124,124,125,126,126,130,131,132,135,139,142,142,145,148,151,152,155,158,163,166,166,166,166,168,168,169,170,172,174,174,175,177,177,177,177,178,179,180,180,180,180,180,181,182,182,183,184,184,185,185,185,185,185,185,185,185,185,186,187,187,187,187,187,188,188,189,189,189,190,190,190,190,190,190,190,190,190,190,190,190,191,191
"WYANDOT",0,0,0,0,0,0,0,0,0,0,0,0,0,0,0,0,0,0,0,0,0,0,0,0,0,0,0,0,0,0,0,0,0,0,0,0,0,0,0,0,0,0,0,0,0,0,0,0,0,0,0,0,0,0,0,0,0,0,0,0,0,0,0,0,0,0,0,0,0,0,0,0,0,0,0,0,0,1,1,2,2,2,2,2,2,2,2,2,2,2,2,2,2,2,2,2,2,2,2,2,2,2,2,2,2,2,2,2,2,2,2,2,2,2,2,2,2,2,2,2,2,2,2,2,2,2,2,2,2,2,2,2,2,2,2,2,2,2,3,3,3,3,4,4,4,4,4,4,4,4,4,4,4,4,4,4,5,5,5,5,5,5,5,5,5,5,5,5,5,5,5,5,5,5,5,5,5,5,5,5,5,5,5,5,5,5,5,5,5,5,5,6,6,7,8,8,8,8,8,8,8,8,9,9,9,9,10,10,10,10,10,10,10,10,10,11,11,11,11,12,12,12,12,12,12,12,12,12,12,12,12,12,12,12,12,12,12,12,12,12,12,13,13,13,13,13,13,13,13,13,13,13,13,13,13,13,13,14,14,14,14,14,14,14,14,14,14,14,14,14,14,14,14,14,14,14,14,14,14,14,14,14,14,14,14,14,14,14,15,15,16,16,16,16,16,16,16,16,16,16,16,17,17,17,17,17,17,18,18,18,18,18,18,18,18,19,20,21,23,23,23,23,24,24,26,26,26,26,26,27,27,27,27,27,29,30,30,30,31,32,34,36,36,38,39,40,44,47,47,47,47,48,48,48,48,49,49,49,51,51,52,52,52,52,52,52,52,52,52,52,52,52,52,52,52,52,52,52,52,52,52,52,52,52,52,52,52,52,52,52,52,52,52,52,52,52,52,52
